movie_name,movie_imdb_id,release_date,actor_name,actor_imdb_id,rank
H Is for Hawk,tt10329560,2026-01-23 00:00:00,Claire Foy,nm2946516,1
H Is for Hawk,tt10329560,2026-01-23 00:00:00,Brendan Gleeson,nm0322407,2
H Is for Hawk,tt10329560,2026-01-23 00:00:00,Imogen Dufty,nm16591019,3
H Is for Hawk,tt10329560,2026-01-23 00:00:00,Denise Gough,nm1740112,4
H Is for Hawk,tt10329560,2026-01-23 00:00:00,Josh Dylan,nm8152860,5
H Is for Hawk,tt10329560,2026-01-23 00:00:00,Arty Froushan,nm8284671,6
H Is for Hawk,tt10329560,2026-01-23 00:00:00,Sam Spruell,nm0819874,7
H Is for Hawk,tt10329560,2026-01-23 00:00:00,Emma Cunniffe,nm0192209,8
H Is for Hawk,tt10329560,2026-01-23 00:00:00,Sean Kearns,nm0444036,9
H Is for Hawk,tt10329560,2026-01-23 00:00:00,Claudius Peters,nm5680429,10
H Is for Hawk,tt10329560,2026-01-23 00:00:00,Katy Carmichael,nm0138446,11
H Is for Hawk,tt10329560,2026-01-23 00:00:00,Miranda Shamiso,nm9725707,12
H Is for Hawk,tt10329560,2026-01-23 00:00:00,Darcy Alexander,nm17693759,13
H Is for Hawk,tt10329560,2026-01-23 00:00:00,Lindsay Duncan,nm0242026,14
H Is for Hawk,tt10329560,2026-01-23 00:00:00,Sarah Anderson,nm10846527,15
Michael,tt11378946,2026-04-24 00:00:00,Jaafar Jackson,nm4170484,1
Michael,tt11378946,2026-04-24 00:00:00,Juliano Krue Valdi,nm13303880,2
Michael,tt11378946,2026-04-24 00:00:00,Colman Domingo,nm0231458,3
Michael,tt11378946,2026-04-24 00:00:00,Nia Long,nm0000505,4
Michael,tt11378946,2026-04-24 00:00:00,Larenz Tate,nm0005478,5
Michael,tt11378946,2026-04-24 00:00:00,Kat Graham,nm0334159,6
Michael,tt11378946,2026-04-24 00:00:00,Derek Luke,nm1035682,7
Michael,tt11378946,2026-04-24 00:00:00,KeiLyn Durrel Jones,nm3252039,8
Michael,tt11378946,2026-04-24 00:00:00,Miles Teller,nm1886602,9
Michael,tt11378946,2026-04-24 00:00:00,Katie Kay,nm10768624,10
Michael,tt11378946,2026-04-24 00:00:00,Kendrick Sampson,nm3069604,11
Michael,tt11378946,2026-04-24 00:00:00,Hank Northrop,nm6144938,12
Michael,tt11378946,2026-04-24 00:00:00,Micah McNeil,nm8244100,13
Michael,tt11378946,2026-04-24 00:00:00,Jessica Sula,nm4088627,14
Michael,tt11378946,2026-04-24 00:00:00,Joe Gillette,nm4227676,15
Love Me Dead,tt11680698,2026-02-13 00:00:00,Dove Cameron,nm4874651,1
Love Me Dead,tt11680698,2026-02-13 00:00:00,RJ Mitte,nm2666409,2
Love Me Dead,tt11680698,2026-02-13 00:00:00,Robert LaSardo,nm0489436,3
Love Me Dead,tt11680698,2026-02-13 00:00:00,Pia Mia,nm3922847,4
Love Me Dead,tt11680698,2026-02-13 00:00:00,Austyn Knight,nm11316114,5
Love Me Dead,tt11680698,2026-02-13 00:00:00,Gigi Gustin,nm8435114,6
Love Me Dead,tt11680698,2026-02-13 00:00:00,Jay Giannone,nm0316310,7
Love Me Dead,tt11680698,2026-02-13 00:00:00,Kirsten Collins,nm3482668,8
Love Me Dead,tt11680698,2026-02-13 00:00:00,Lauren Francesca,nm3270989,9
Love Me Dead,tt11680698,2026-02-13 00:00:00,Anika C. McFall,nm1655887,10
Love Me Dead,tt11680698,2026-02-13 00:00:00,Chelsea O'Toole,nm1837723,11
Love Me Dead,tt11680698,2026-02-13 00:00:00,Emily Krusche-Bruck,nm6745370,12
Love Me Dead,tt11680698,2026-02-13 00:00:00,Adam Pepper,nm1166921,13
Love Me Dead,tt11680698,2026-02-13 00:00:00,Michael Girgenti,nm3723214,14
Love Me Dead,tt11680698,2026-02-13 00:00:00,Max Reeves,nm10430587,15
Project Hail Mary,tt12042730,2026-03-20 00:00:00,Ryan Gosling,nm0331516,1
Project Hail Mary,tt12042730,2026-03-20 00:00:00,Milana Vayntrub,nm2168927,2
Project Hail Mary,tt12042730,2026-03-20 00:00:00,Sandra Hüller,nm1197689,3
Project Hail Mary,tt12042730,2026-03-20 00:00:00,Ken Leung,nm0504962,4
Project Hail Mary,tt12042730,2026-03-20 00:00:00,Liz Kingsman,nm7284697,5
Project Hail Mary,tt12042730,2026-03-20 00:00:00,Lionel Boyce,nm5152633,6
Project Hail Mary,tt12042730,2026-03-20 00:00:00,Aaron Neil,nm1208035,7
Project Hail Mary,tt12042730,2026-03-20 00:00:00,James Ortiz,nm4013922,8
Project Hail Mary,tt12042730,2026-03-20 00:00:00,James Wright,nm15724785,9
Project Hail Mary,tt12042730,2026-03-20 00:00:00,Orion Lee,nm4093657,10
Project Hail Mary,tt12042730,2026-03-20 00:00:00,Isla McRae,nm16165407,11
Project Hail Mary,tt12042730,2026-03-20 00:00:00,Robert James Smith,nm13802387,12
Project Hail Mary,tt12042730,2026-03-20 00:00:00,Bastian Antonio Fuentes,nm10072799,13
The Pout-Pout Fish,tt12824390,2026-03-20 00:00:00,Miranda Otto,nm0001584,1
The Pout-Pout Fish,tt12824390,2026-03-20 00:00:00,Nick Offerman,nm0644406,2
The Pout-Pout Fish,tt12824390,2026-03-20 00:00:00,Amy Sedaris,nm0781238,3
The Pout-Pout Fish,tt12824390,2026-03-20 00:00:00,Remy Hii,nm3600780,4
The Pout-Pout Fish,tt12824390,2026-03-20 00:00:00,Mark Coles Smith,nm1322528,5
The Pout-Pout Fish,tt12824390,2026-03-20 00:00:00,Jordin Sparks,nm2554052,6
The Pout-Pout Fish,tt12824390,2026-03-20 00:00:00,Nina Oyama,nm5998237,7
The Pout-Pout Fish,tt12824390,2026-03-20 00:00:00,Bessie Holland,nm6684707,8
The Pout-Pout Fish,tt12824390,2026-03-20 00:00:00,Nazeem Hussain,nm3832280,9
The Pout-Pout Fish,tt12824390,2026-03-20 00:00:00,Andrew Buchanan,nm0117970,10
The Pout-Pout Fish,tt12824390,2026-03-20 00:00:00,Mel Buttle,nm3653648,11
The Pout-Pout Fish,tt12824390,2026-03-20 00:00:00,Grant Denyer,nm1489101,12
4 Kids Walk Into a Bank,tt13071984,2026-04-17 00:00:00,Liam Neeson,nm0000553,1
4 Kids Walk Into a Bank,tt13071984,2026-04-17 00:00:00,Jack Dylan Grazer,nm6244013,2
4 Kids Walk Into a Bank,tt13071984,2026-04-17 00:00:00,Teresa Palmer,nm1954240,3
4 Kids Walk Into a Bank,tt13071984,2026-04-17 00:00:00,Spike Fearn,nm10514458,4
4 Kids Walk Into a Bank,tt13071984,2026-04-17 00:00:00,Jim Sturgess,nm0836343,5
4 Kids Walk Into a Bank,tt13071984,2026-04-17 00:00:00,Catherine Caylee Cowan,nm9090581,6
4 Kids Walk Into a Bank,tt13071984,2026-04-17 00:00:00,Whitney Peak,nm8857173,7
4 Kids Walk Into a Bank,tt13071984,2026-04-17 00:00:00,Talia Ryder,nm7867621,8
4 Kids Walk Into a Bank,tt13071984,2026-04-17 00:00:00,Deacon Phillippe,nm11213606,9
4 Kids Walk Into a Bank,tt13071984,2026-04-17 00:00:00,Sam Strike,nm5307635,10
4 Kids Walk Into a Bank,tt13071984,2026-04-17 00:00:00,George Basil,nm4097479,11
4 Kids Walk Into a Bank,tt13071984,2026-04-17 00:00:00,Stephanie Karam,nm12345241,12
4 Kids Walk Into a Bank,tt13071984,2026-04-17 00:00:00,Christine Torto,nm12122362,13
4 Kids Walk Into a Bank,tt13071984,2026-04-17 00:00:00,Brigid Leahy,nm8414895,14
4 Kids Walk Into a Bank,tt13071984,2026-04-17 00:00:00,Sorcha Real,nm13804450,15
Booo,tt13245002,2026-03-26 00:00:00,Val McAdoo,nm9590988,1
Booo,tt13245002,2026-03-26 00:00:00,Elizabeth Caponigro,nm9336238,2
Booo,tt13245002,2026-03-26 00:00:00,Elaina Marin,nm10810444,3
Booo,tt13245002,2026-03-26 00:00:00,Fetteroff Colen,nm0171266,4
Booo,tt13245002,2026-03-26 00:00:00,Danny Plaza,nm5700531,5
Booo,tt13245002,2026-03-26 00:00:00,Tim Duncan,nm14725037,6
Booo,tt13245002,2026-03-26 00:00:00,Markus Schaub,nm0770265,7
Booo,tt13245002,2026-03-26 00:00:00,Frank Volpe,nm3531665,8
Booo,tt13245002,2026-03-26 00:00:00,Tyler Andrews,nm11802313,9
Booo,tt13245002,2026-03-26 00:00:00,Theron G. Johnson,nm10924012,10
Booo,tt13245002,2026-03-26 00:00:00,John Fogarty,nm10556561,11
Booo,tt13245002,2026-03-26 00:00:00,Shanea Lattimore,nm5912641,12
Booo,tt13245002,2026-03-26 00:00:00,Craig Betz,nm11149836,13
Booo,tt13245002,2026-03-26 00:00:00,Grace McAdoo,nm12339115,14
Booo,tt13245002,2026-03-26 00:00:00,Diane Turnier,nm14762841,15
"Good Luck, Have Fun, Don't Die",tt1341338,2026-02-13 00:00:00,Sam Rockwell,nm0005377,1
"Good Luck, Have Fun, Don't Die",tt1341338,2026-02-13 00:00:00,Stevel Marc,nm2987241,2
"Good Luck, Have Fun, Don't Die",tt1341338,2026-02-13 00:00:00,Tanya van Graan,nm2117238,3
"Good Luck, Have Fun, Don't Die",tt1341338,2026-02-13 00:00:00,Cassiel Eatock-Winnik,nm3830648,4
"Good Luck, Have Fun, Don't Die",tt1341338,2026-02-13 00:00:00,Michael Peña,nm0671567,5
"Good Luck, Have Fun, Don't Die",tt1341338,2026-02-13 00:00:00,Mike Gassaway,nm1096816,6
"Good Luck, Have Fun, Don't Die",tt1341338,2026-02-13 00:00:00,Juno Temple,nm1017334,7
"Good Luck, Have Fun, Don't Die",tt1341338,2026-02-13 00:00:00,Asim Chaudhry,nm5219130,8
"Good Luck, Have Fun, Don't Die",tt1341338,2026-02-13 00:00:00,Zazie Beetz,nm5939164,9
"Good Luck, Have Fun, Don't Die",tt1341338,2026-02-13 00:00:00,Georgia Goodman,nm0657794,10
"Good Luck, Have Fun, Don't Die",tt1341338,2026-02-13 00:00:00,Haley Lu Richardson,nm4726634,11
"Good Luck, Have Fun, Don't Die",tt1341338,2026-02-13 00:00:00,Ryan Kruger,nm2278027,12
"Good Luck, Have Fun, Don't Die",tt1341338,2026-02-13 00:00:00,Anna Acton,nm1111917,13
"Good Luck, Have Fun, Don't Die",tt1341338,2026-02-13 00:00:00,Conrad Kemp,nm2883828,14
"Good Luck, Have Fun, Don't Die",tt1341338,2026-02-13 00:00:00,Elly Condron,nm5930685,15
Greenland 2: Migration,tt14850054,2026-01-09 00:00:00,Morena Baccarin,nm1072555,1
Greenland 2: Migration,tt14850054,2026-01-09 00:00:00,Gerard Butler,nm0124930,2
Greenland 2: Migration,tt14850054,2026-01-09 00:00:00,Sophie Thompson,nm0860724,3
Greenland 2: Migration,tt14850054,2026-01-09 00:00:00,Roman Griffin Davis,nm9877392,4
Greenland 2: Migration,tt14850054,2026-01-09 00:00:00,William Abadie,nm1156818,5
Greenland 2: Migration,tt14850054,2026-01-09 00:00:00,Amber Rose Revah,nm2362244,6
Greenland 2: Migration,tt14850054,2026-01-09 00:00:00,Tommie Earl Jenkins,nm1045674,7
Greenland 2: Migration,tt14850054,2026-01-09 00:00:00,Trond Fausa,nm0042212,8
Greenland 2: Migration,tt14850054,2026-01-09 00:00:00,Rachael Evelyn,nm3656001,9
Greenland 2: Migration,tt14850054,2026-01-09 00:00:00,Nathan Wiley,nm4776189,10
Greenland 2: Migration,tt14850054,2026-01-09 00:00:00,Peter Polycarpou,nm0689948,11
Greenland 2: Migration,tt14850054,2026-01-09 00:00:00,Alex Lanipekun,nm1246448,12
Greenland 2: Migration,tt14850054,2026-01-09 00:00:00,Gordon Alexander,nm1259756,13
Greenland 2: Migration,tt14850054,2026-01-09 00:00:00,Sidsel Siem Koch,nm7116195,14
Greenland 2: Migration,tt14850054,2026-01-09 00:00:00,Shayn Herndon,nm6856819,15
Dead Man's Wire,tt15181326,2026-01-16 00:00:00,Bill Skarsgård,nm0803889,1
Dead Man's Wire,tt15181326,2026-01-16 00:00:00,Cary Elwes,nm0000144,2
Dead Man's Wire,tt15181326,2026-01-16 00:00:00,Dacre Montgomery,nm4223882,3
Dead Man's Wire,tt15181326,2026-01-16 00:00:00,Al Pacino,nm0000199,4
Dead Man's Wire,tt15181326,2026-01-16 00:00:00,Myha'la,nm9684601,5
Dead Man's Wire,tt15181326,2026-01-16 00:00:00,Jordan Claire Robbins,nm6951450,6
Dead Man's Wire,tt15181326,2026-01-16 00:00:00,John Robinson,nm1440281,7
Dead Man's Wire,tt15181326,2026-01-16 00:00:00,Kyle Rankin,nm11374120,8
Dead Man's Wire,tt15181326,2026-01-16 00:00:00,Katie Kinman,nm14850161,9
Dead Man's Wire,tt15181326,2026-01-16 00:00:00,Mark Helms,nm4945586,10
Dead Man's Wire,tt15181326,2026-01-16 00:00:00,Vinh Nguyen,nm11538271,11
Dead Man's Wire,tt15181326,2026-01-16 00:00:00,Stephanie Bertoni,nm1359058,12
Dead Man's Wire,tt15181326,2026-01-16 00:00:00,Daniel R. Hill,nm4940132,13
Dead Man's Wire,tt15181326,2026-01-16 00:00:00,Todd Gable,nm3693617,14
Dead Man's Wire,tt15181326,2026-01-16 00:00:00,Danielle Munday,nm12159141,15
Peaky Blinders: The Immortal Man,tt15574124,2026-03-20 00:00:00,Sammy Jonas Heaney,nm9716187,1
Peaky Blinders: The Immortal Man,tt15574124,2026-03-20 00:00:00,Stephen Graham,nm0334318,2
Peaky Blinders: The Immortal Man,tt15574124,2026-03-20 00:00:00,Tim Roth,nm0000619,3
Peaky Blinders: The Immortal Man,tt15574124,2026-03-20 00:00:00,Ned Dennehy,nm0219329,4
Peaky Blinders: The Immortal Man,tt15574124,2026-03-20 00:00:00,Cillian Murphy,nm0614165,5
Peaky Blinders: The Immortal Man,tt15574124,2026-03-20 00:00:00,Andy M Milligan,nm13580290,6
Peaky Blinders: The Immortal Man,tt15574124,2026-03-20 00:00:00,Thomas Arnold,nm1112861,7
Peaky Blinders: The Immortal Man,tt15574124,2026-03-20 00:00:00,Barry Keoghan,nm4422686,8
Peaky Blinders: The Immortal Man,tt15574124,2026-03-20 00:00:00,Max Cavenham,nm5663171,9
Peaky Blinders: The Immortal Man,tt15574124,2026-03-20 00:00:00,Ian Peck,nm0669667,10
Peaky Blinders: The Immortal Man,tt15574124,2026-03-20 00:00:00,Rebecca Ferguson,nm0272581,11
Peaky Blinders: The Immortal Man,tt15574124,2026-03-20 00:00:00,Mark Wilkinson,nm15508796,12
Peaky Blinders: The Immortal Man,tt15574124,2026-03-20 00:00:00,Packy Lee,nm0497970,13
Peaky Blinders: The Immortal Man,tt15574124,2026-03-20 00:00:00,Sophie Rundle,nm2570706,14
Peaky Blinders: The Immortal Man,tt15574124,2026-03-20 00:00:00,Martin Angerbauer,nm2567625,15
Bad Voodoo,tt15716368,2026-04-03 00:00:00,John Fiore,nm0278468,1
Bad Voodoo,tt15716368,2026-04-03 00:00:00,Manny Perez,nm0673563,2
Bad Voodoo,tt15716368,2026-04-03 00:00:00,Cristina Moody,nm3783201,3
Bad Voodoo,tt15716368,2026-04-03 00:00:00,Scott Sederquist,nm7630720,4
Bad Voodoo,tt15716368,2026-04-03 00:00:00,Charlie Alejandro,nm3077057,5
Bad Voodoo,tt15716368,2026-04-03 00:00:00,Justin Genna,nm5340756,6
Bad Voodoo,tt15716368,2026-04-03 00:00:00,Jimmy C. Jules,nm5520719,7
Bad Voodoo,tt15716368,2026-04-03 00:00:00,Alex Joseph Pires,nm5012684,8
Bad Voodoo,tt15716368,2026-04-03 00:00:00,Gary Moujabber,nm14922487,9
Bad Voodoo,tt15716368,2026-04-03 00:00:00,Isabella Leone,nm6844328,10
Bad Voodoo,tt15716368,2026-04-03 00:00:00,Justin Lombard,nm13682600,11
Bad Voodoo,tt15716368,2026-04-03 00:00:00,Anthony Firicano,nm7975315,12
Bad Voodoo,tt15716368,2026-04-03 00:00:00,Miatta Shafore,nm13346161,13
Bad Voodoo,tt15716368,2026-04-03 00:00:00,Annaliese Curry,nm12689664,14
Bad Voodoo,tt15716368,2026-04-03 00:00:00,Allison Klinman,nm5022664,15
Animal Friends,tt16911616,2026-05-01 00:00:00,Kexin Wang,nm4800168,1
Animal Friends,tt16911616,2026-05-01 00:00:00,Joaquim de Almeida,nm0021835,2
Animal Friends,tt16911616,2026-05-01 00:00:00,Ryan Reynolds,nm0005351,3
Animal Friends,tt16911616,2026-05-01 00:00:00,Brian Caspe,nm1340370,4
Animal Friends,tt16911616,2026-05-01 00:00:00,Aubrey Plaza,nm2201555,5
Animal Friends,tt16911616,2026-05-01 00:00:00,Lil Rel Howery,nm2577076,6
Animal Friends,tt16911616,2026-05-01 00:00:00,Donald Sage Mackay,nm0533155,7
Animal Friends,tt16911616,2026-05-01 00:00:00,Jason Momoa,nm0597388,8
Animal Friends,tt16911616,2026-05-01 00:00:00,Euan Macnaughton,nm0534082,9
Animal Friends,tt16911616,2026-05-01 00:00:00,Nathan Cooper,nm7724402,10
Animal Friends,tt16911616,2026-05-01 00:00:00,JR Esposito,nm2546971,11
Animal Friends,tt16911616,2026-05-01 00:00:00,Reis Daniel,nm6319877,12
Animal Friends,tt16911616,2026-05-01 00:00:00,Owen Davis,nm3799259,13
Animal Friends,tt16911616,2026-05-01 00:00:00,Dan Levy,nm2391794,14
Animal Friends,tt16911616,2026-05-01 00:00:00,Ellie Bamber,nm5166444,15
Untitled Trey Parker / Matt Stone / Kendrick Lamar / Dave Free,tt17042980,2026-03-20 00:00:00,Kellan Tetlow,nm13570675,1
Untitled Trey Parker / Matt Stone / Kendrick Lamar / Dave Free,tt17042980,2026-03-20 00:00:00,Hannes Schaller,nm17870693,2
Untitled Trey Parker / Matt Stone / Kendrick Lamar / Dave Free,tt17042980,2026-03-20 00:00:00,Blu Owens,nm13121237,3
Untitled Trey Parker / Matt Stone / Kendrick Lamar / Dave Free,tt17042980,2026-03-20 00:00:00,Enzian Schaller,nm17888533,4
Untitled Trey Parker / Matt Stone / Kendrick Lamar / Dave Free,tt17042980,2026-03-20 00:00:00,Preston Galli,nm14188637,5
Untitled Trey Parker / Matt Stone / Kendrick Lamar / Dave Free,tt17042980,2026-03-20 00:00:00,Hal Dion,nm0227918,6
Untitled Trey Parker / Matt Stone / Kendrick Lamar / Dave Free,tt17042980,2026-03-20 00:00:00,Koa Cohen,nm15171475,7
Psycho Killer,tt1764551,2026-02-20 00:00:00,Dutchess Cayetano,nm12299713,1
Psycho Killer,tt1764551,2026-02-20 00:00:00,Malcolm McDowell,nm0000532,2
Psycho Killer,tt1764551,2026-02-20 00:00:00,John B. Lowe,nm0522979,3
Psycho Killer,tt1764551,2026-02-20 00:00:00,Logan Miller,nm2383250,4
Psycho Killer,tt1764551,2026-02-20 00:00:00,James Preston Rogers,nm2286416,5
Psycho Killer,tt1764551,2026-02-20 00:00:00,Georgina Campbell,nm3569284,6
Psycho Killer,tt1764551,2026-02-20 00:00:00,Yan Joseph,nm2845784,7
Psycho Killer,tt1764551,2026-02-20 00:00:00,David Tomlinson,nm9460955,8
Psycho Killer,tt1764551,2026-02-20 00:00:00,Josh Strait,nm1382676,9
Psycho Killer,tt1764551,2026-02-20 00:00:00,Stephen Adekolu,nm9522926,10
Psycho Killer,tt1764551,2026-02-20 00:00:00,Cassandra Ebner,nm5071850,11
Psycho Killer,tt1764551,2026-02-20 00:00:00,Aaron Merke,nm2430074,12
Psycho Killer,tt1764551,2026-02-20 00:00:00,Michael Strickland,nm5482340,13
Psycho Killer,tt1764551,2026-02-20 00:00:00,Terry Ray,nm2875368,14
Psycho Killer,tt1764551,2026-02-20 00:00:00,Derek Kun,nm10821676,15
I Was a Stranger,tt21272942,2026-01-09 00:00:00,Yasmine Al Massri,nm2316907,1
I Was a Stranger,tt21272942,2026-01-09 00:00:00,Yahya Mahayni,nm8284773,2
I Was a Stranger,tt21272942,2026-01-09 00:00:00,Omar Sy,nm1082477,3
I Was a Stranger,tt21272942,2026-01-09 00:00:00,Ziad Bakri,nm2865678,4
I Was a Stranger,tt21272942,2026-01-09 00:00:00,Constantine Markoulakis,nm0548607,5
I Was a Stranger,tt21272942,2026-01-09 00:00:00,Ayman Samman,nm2942686,6
I Was a Stranger,tt21272942,2026-01-09 00:00:00,Jason Beghe,nm0000892,7
I Was a Stranger,tt21272942,2026-01-09 00:00:00,Jay Abdo,nm2178881,8
I Was a Stranger,tt21272942,2026-01-09 00:00:00,Vicky Papadopoulou,nm1779556,9
I Was a Stranger,tt21272942,2026-01-09 00:00:00,Fares Helou,nm1097214,10
I Was a Stranger,tt21272942,2026-01-09 00:00:00,Saleh Bakri,nm2759746,11
I Was a Stranger,tt21272942,2026-01-09 00:00:00,Ioanna Meli,nm3695516,12
I Was a Stranger,tt21272942,2026-01-09 00:00:00,Yumna Marwan,nm6575696,13
I Was a Stranger,tt21272942,2026-01-09 00:00:00,Baeyen Hoffman,nm12065377,14
I Was a Stranger,tt21272942,2026-01-09 00:00:00,Carlos Chahine,nm1178312,15
The Dog Stars,tt21285562,2026-03-27 00:00:00,Josh Brolin,nm0000982,1
The Dog Stars,tt21285562,2026-03-27 00:00:00,Jacob Elordi,nm8624059,2
The Dog Stars,tt21285562,2026-03-27 00:00:00,Margaret Qualley,nm4960279,3
The Dog Stars,tt21285562,2026-03-27 00:00:00,Guy Pearce,nm0001602,4
The Dog Stars,tt21285562,2026-03-27 00:00:00,Benedict Wong,nm0938950,5
The Dog Stars,tt21285562,2026-03-27 00:00:00,Alara-Star Khan,nm13893691,6
Avengers: Doomsday,tt21361438,2026-05-01 00:00:00,Robert Downey Jr.,nm0000375,1
Avengers: Doomsday,tt21361438,2026-05-01 00:00:00,Pedro Pascal,nm0050959,2
Avengers: Doomsday,tt21361438,2026-05-01 00:00:00,Vanessa Kirby,nm3948952,3
Avengers: Doomsday,tt21361438,2026-05-01 00:00:00,Ebon Moss-Bachrach,nm0609114,4
Avengers: Doomsday,tt21361438,2026-05-01 00:00:00,Joseph Quinn,nm4806449,5
Revolt,tt21438146,2026-05-01 00:00:00,Laura Gómez,nm0327041,1
Revolt,tt21438146,2026-05-01 00:00:00,Courtney Gonzalez,nm8551937,2
Revolt,tt21438146,2026-05-01 00:00:00,J.R. Fortin,nm7581802,3
Revolt,tt21438146,2026-05-01 00:00:00,Joe Hawk,nm9643407,4
Revolt,tt21438146,2026-05-01 00:00:00,Darius Burke,nm6507001,5
Revolt,tt21438146,2026-05-01 00:00:00,Joseph Pizzo,nm7968142,6
Revolt,tt21438146,2026-05-01 00:00:00,Christopher Fyfe,nm7516476,7
Revolt,tt21438146,2026-05-01 00:00:00,David Michael Pepe III,nm8025440,8
Revolt,tt21438146,2026-05-01 00:00:00,Samantha Updike,nm8702006,9
Revolt,tt21438146,2026-05-01 00:00:00,Michael David Kehoe,nm8192787,10
Revolt,tt21438146,2026-05-01 00:00:00,Reggie Jean,nm9685102,11
Revolt,tt21438146,2026-05-01 00:00:00,Caitlynn McCauley,nm9568168,12
Revolt,tt21438146,2026-05-01 00:00:00,Lenny Barcelos,nm8993252,13
Revolt,tt21438146,2026-05-01 00:00:00,Lenio Barcelos,nm9686998,14
Revolt,tt21438146,2026-05-01 00:00:00,Sabrina Bryant,nm14991445,15
Youngblood,tt22005882,2026-03-06 00:00:00,Ashton James,nm9656790,1
Youngblood,tt22005882,2026-03-06 00:00:00,Blair Underwood,nm0005516,2
Youngblood,tt22005882,2026-03-06 00:00:00,Shawn Doyle,nm0236495,3
Youngblood,tt22005882,2026-03-06 00:00:00,Alexandra McDonald,nm9992117,4
Youngblood,tt22005882,2026-03-06 00:00:00,Olunike Adeliyi,nm1583978,5
Youngblood,tt22005882,2026-03-06 00:00:00,Henri Richer-Picard,nm2338836,6
Youngblood,tt22005882,2026-03-06 00:00:00,Emidio Lopes,nm10269518,7
Youngblood,tt22005882,2026-03-06 00:00:00,Donald MacLean Jr.,nm10021823,8
Youngblood,tt22005882,2026-03-06 00:00:00,Tamara Podemski,nm0687947,9
Youngblood,tt22005882,2026-03-06 00:00:00,Joris Jarsky,nm0419005,10
Youngblood,tt22005882,2026-03-06 00:00:00,Matt Wells,nm5343801,11
Youngblood,tt22005882,2026-03-06 00:00:00,Keris Hope Hill,nm13899262,12
Youngblood,tt22005882,2026-03-06 00:00:00,Jonathan Valvano,nm10480644,13
Youngblood,tt22005882,2026-03-06 00:00:00,Ty Neckar,nm15155004,14
Youngblood,tt22005882,2026-03-06 00:00:00,Dylan Hawco,nm15505477,15
People We Meet on Vacation,tt22740896,2026-01-09 00:00:00,Emily Bader,nm7515939,1
People We Meet on Vacation,tt22740896,2026-01-09 00:00:00,Tom Blyth,nm3880241,2
People We Meet on Vacation,tt22740896,2026-01-09 00:00:00,Sarah Catherine Hook,nm7511512,3
People We Meet on Vacation,tt22740896,2026-01-09 00:00:00,Lucien Laviscount,nm1620741,4
People We Meet on Vacation,tt22740896,2026-01-09 00:00:00,Miles Heizer,nm1851028,5
People We Meet on Vacation,tt22740896,2026-01-09 00:00:00,Jameela Jamil,nm3553139,6
People We Meet on Vacation,tt22740896,2026-01-09 00:00:00,Tommy Do,nm4484620,7
People We Meet on Vacation,tt22740896,2026-01-09 00:00:00,Lukas Gage,nm4965072,8
People We Meet on Vacation,tt22740896,2026-01-09 00:00:00,Alice Lee,nm5333857,9
People We Meet on Vacation,tt22740896,2026-01-09 00:00:00,Molly Shannon,nm0788340,10
People We Meet on Vacation,tt22740896,2026-01-09 00:00:00,Alan Ruck,nm0001688,11
People We Meet on Vacation,tt22740896,2026-01-09 00:00:00,Spencer Neville,nm5863978,12
People We Meet on Vacation,tt22740896,2026-01-09 00:00:00,Ian Porter,nm0692139,13
People We Meet on Vacation,tt22740896,2026-01-09 00:00:00,Madeleine Akua,nm12471663,14
People We Meet on Vacation,tt22740896,2026-01-09 00:00:00,John Jabaley,nm0002540,15
Return to Silent Hill,tt22868010,2026-01-23 00:00:00,Jeremy Irvine,nm3528539,1
Return to Silent Hill,tt22868010,2026-01-23 00:00:00,Hannah Emily Anderson,nm5557932,2
Return to Silent Hill,tt22868010,2026-01-23 00:00:00,Robert Strange,nm6003807,3
Return to Silent Hill,tt22868010,2026-01-23 00:00:00,Evie Templeton,nm12024632,4
Return to Silent Hill,tt22868010,2026-01-23 00:00:00,Pearse Egan,nm9043183,5
Return to Silent Hill,tt22868010,2026-01-23 00:00:00,Eve Macklin,nm2984440,6
Return to Silent Hill,tt22868010,2026-01-23 00:00:00,Emily Carding,nm6205905,7
Return to Silent Hill,tt22868010,2026-01-23 00:00:00,Martine Richards,nm4517780,8
Return to Silent Hill,tt22868010,2026-01-23 00:00:00,Howard Saddler,nm1475071,9
Return to Silent Hill,tt22868010,2026-01-23 00:00:00,Matteo Pasquini,nm10547340,10
Return to Silent Hill,tt22868010,2026-01-23 00:00:00,Melissa Graham,nm4622020,11
Return to Silent Hill,tt22868010,2026-01-23 00:00:00,Lara Duru,nm15010705,12
Return to Silent Hill,tt22868010,2026-01-23 00:00:00,Karya Duru,nm14742529,13
Return to Silent Hill,tt22868010,2026-01-23 00:00:00,Sandy E. Scott,nm5004782,14
Return to Silent Hill,tt22868010,2026-01-23 00:00:00,Nicola Alexis,nm1273937,15
Jimpa,tt23745668,2026-02-13 00:00:00,Aud Mason-Hyde,nm4928345,1
Jimpa,tt23745668,2026-02-13 00:00:00,Olivia Colman,nm1469236,2
Jimpa,tt23745668,2026-02-13 00:00:00,John Lithgow,nm0001475,3
Jimpa,tt23745668,2026-02-13 00:00:00,Bryn Chapman Parish,nm8970983,4
Jimpa,tt23745668,2026-02-13 00:00:00,Hans Kesting,nm0450453,5
Jimpa,tt23745668,2026-02-13 00:00:00,Deborah Kennedy,nm0447992,6
Jimpa,tt23745668,2026-02-13 00:00:00,Nicholas Brown,nm0114344,7
Jimpa,tt23745668,2026-02-13 00:00:00,Daniel Henshall,nm2989873,8
Jimpa,tt23745668,2026-02-13 00:00:00,Kate Box,nm2094547,9
Jimpa,tt23745668,2026-02-13 00:00:00,Arjan Ederveen,nm0249179,10
Jimpa,tt23745668,2026-02-13 00:00:00,Eamon Farren,nm1181180,11
Jimpa,tt23745668,2026-02-13 00:00:00,Romana Vrede,nm0904043,12
Jimpa,tt23745668,2026-02-13 00:00:00,Teun Stokkel,nm4715428,13
Jimpa,tt23745668,2026-02-13 00:00:00,Hanna van Vliet,nm4174886,14
Jimpa,tt23745668,2026-02-13 00:00:00,Tilda Cobham-Hervey,nm5315479,15
Animal Farm,tt2467700,2026-05-01 00:00:00,Glenn Close,nm0000335,1
Animal Farm,tt2467700,2026-05-01 00:00:00,Gaten Matarazzo,nm7140802,2
Animal Farm,tt2467700,2026-05-01 00:00:00,Kieran Culkin,nm0001085,3
Animal Farm,tt2467700,2026-05-01 00:00:00,Woody Harrelson,nm0000437,4
Animal Farm,tt2467700,2026-05-01 00:00:00,Seth Rogen,nm0736622,5
Animal Farm,tt2467700,2026-05-01 00:00:00,Andy Serkis,nm0785227,6
Animal Farm,tt2467700,2026-05-01 00:00:00,Steve Buscemi,nm0000114,7
Animal Farm,tt2467700,2026-05-01 00:00:00,Jim Parsons,nm1433588,8
Animal Farm,tt2467700,2026-05-01 00:00:00,Kathleen Turner,nm0000678,9
Animal Farm,tt2467700,2026-05-01 00:00:00,Laverne Cox,nm1209545,10
Animal Farm,tt2467700,2026-05-01 00:00:00,Iman Vellani,nm11940123,11
Hoppers,tt26443616,2026-03-06 00:00:00,Piper Curda,nm4552582,1
Hoppers,tt26443616,2026-03-06 00:00:00,Bobby Moynihan,nm1293885,2
Hoppers,tt26443616,2026-03-06 00:00:00,Jon Hamm,nm0358316,3
Hoppers,tt26443616,2026-03-06 00:00:00,Kathy Najimy,nm0001562,4
Hoppers,tt26443616,2026-03-06 00:00:00,Isiah Whitlock Jr.,nm0926086,5
Hoppers,tt26443616,2026-03-06 00:00:00,Meryl Streep,nm0000658,6
Hoppers,tt26443616,2026-03-06 00:00:00,Sam Richardson,nm3931538,7
Hoppers,tt26443616,2026-03-06 00:00:00,Karen Huie,nm0401235,8
Hoppers,tt26443616,2026-03-06 00:00:00,Aparna Nancherla,nm5478103,9
Hoppers,tt26443616,2026-03-06 00:00:00,Melissa Villaseñor,nm3830257,10
Hoppers,tt26443616,2026-03-06 00:00:00,Dave Franco,nm2002649,11
Hoppers,tt26443616,2026-03-06 00:00:00,Ego Nwodim,nm4945455,12
Hoppers,tt26443616,2026-03-06 00:00:00,Vanessa Bayer,nm3364779,13
Hoppers,tt26443616,2026-03-06 00:00:00,Nichole Sakura,nm3783235,14
Hoppers,tt26443616,2026-03-06 00:00:00,Eduardo Franco,nm7533568,15
Scream 7,tt27047903,2026-02-27 00:00:00,Neve Campbell,nm0000117,1
Scream 7,tt27047903,2026-02-27 00:00:00,Courteney Cox,nm0001073,2
Scream 7,tt27047903,2026-02-27 00:00:00,Isabel May,nm8908475,3
Scream 7,tt27047903,2026-02-27 00:00:00,Jasmin Savoy Brown,nm5506401,4
Scream 7,tt27047903,2026-02-27 00:00:00,Mason Gooding,nm2864252,5
Scream 7,tt27047903,2026-02-27 00:00:00,Anna Camp,nm2319871,6
Scream 7,tt27047903,2026-02-27 00:00:00,Joel McHale,nm0570364,7
Scream 7,tt27047903,2026-02-27 00:00:00,Mckenna Grace,nm5085683,8
Scream 7,tt27047903,2026-02-27 00:00:00,Michelle Randolph,nm8948296,9
Scream 7,tt27047903,2026-02-27 00:00:00,Jimmy Tatro,nm5555161,10
Scream 7,tt27047903,2026-02-27 00:00:00,Asa Germann,nm11091923,11
Scream 7,tt27047903,2026-02-27 00:00:00,Celeste O'Connor,nm9305936,12
Scream 7,tt27047903,2026-02-27 00:00:00,Sam Rechner,nm11809977,13
Scream 7,tt27047903,2026-02-27 00:00:00,Ethan Embry,nm0256121,14
Scream 7,tt27047903,2026-02-27 00:00:00,Timothy Simons,nm3985937,15
Demon Squad: Tooth and Claw,tt27575701,2026-02-13 00:00:00,Ginger Cressman,nm13673784,1
Demon Squad: Tooth and Claw,tt27575701,2026-02-13 00:00:00,Billy Culbertson,nm6477631,2
Demon Squad: Tooth and Claw,tt27575701,2026-02-13 00:00:00,Rob Eubanks,nm8426931,3
Demon Squad: Tooth and Claw,tt27575701,2026-02-13 00:00:00,Erin Lilley,nm3390880,4
Demon Squad: Tooth and Claw,tt27575701,2026-02-13 00:00:00,Amir Zandi,nm6404534,5
Demon Squad: Tooth and Claw,tt27575701,2026-02-13 00:00:00,Iona Yabut,nm14292263,6
Demon Squad: Tooth and Claw,tt27575701,2026-02-13 00:00:00,Monica Webb,nm3775931,7
Demon Squad: Tooth and Claw,tt27575701,2026-02-13 00:00:00,Victoria Antonelli,nm8699875,8
Demon Squad: Tooth and Claw,tt27575701,2026-02-13 00:00:00,Brittany Foti,nm6886163,9
Demon Squad: Tooth and Claw,tt27575701,2026-02-13 00:00:00,Khristian Fulmer,nm3013501,10
Demon Squad: Tooth and Claw,tt27575701,2026-02-13 00:00:00,Scott Alan Warner,nm6773470,11
Demon Squad: Tooth and Claw,tt27575701,2026-02-13 00:00:00,Curtis Lilley,nm3946138,12
Demon Squad: Tooth and Claw,tt27575701,2026-02-13 00:00:00,Pavani Mitchum,nm14601392,13
Demon Squad: Tooth and Claw,tt27575701,2026-02-13 00:00:00,Kelly Houk,nm5278820,14
Demon Squad: Tooth and Claw,tt27575701,2026-02-13 00:00:00,Xavier DuPriest,nm7578172,15
GOAT,tt27613895,2026-02-13 00:00:00,Caleb McLaughlin,nm5160895,1
GOAT,tt27613895,2026-02-13 00:00:00,Gabrielle Union,nm0005517,2
GOAT,tt27613895,2026-02-13 00:00:00,Nick Kroll,nm1802209,3
GOAT,tt27613895,2026-02-13 00:00:00,Nicola Coughlan,nm1965552,4
GOAT,tt27613895,2026-02-13 00:00:00,David Harbour,nm1092086,5
GOAT,tt27613895,2026-02-13 00:00:00,Stephen Curry,nm2967426,6
GOAT,tt27613895,2026-02-13 00:00:00,Jenifer Lewis,nm0507338,7
GOAT,tt27613895,2026-02-13 00:00:00,Patton Oswalt,nm0652663,8
GOAT,tt27613895,2026-02-13 00:00:00,Bobby Lee,nm0496899,9
GOAT,tt27613895,2026-02-13 00:00:00,Sherry Cola,nm8781499,10
GOAT,tt27613895,2026-02-13 00:00:00,Andrew Santino,nm2747668,11
GOAT,tt27613895,2026-02-13 00:00:00,Derek Mio,nm1218732,12
GOAT,tt27613895,2026-02-13 00:00:00,Jennifer Hudson,nm1617685,13
GOAT,tt27613895,2026-02-13 00:00:00,Aaron Pierre,nm7543974,14
GOAT,tt27613895,2026-02-13 00:00:00,Ayesha Curry,nm2812760,15
Islands,tt27796126,2026-01-30 00:00:00,Fatima Adoum,nm1936320,1
Islands,tt27796126,2026-01-30 00:00:00,Ramiro Blas,nm0087640,2
Islands,tt27796126,2026-01-30 00:00:00,Bruna Cusí,nm4264236,3
Islands,tt27796126,2026-01-30 00:00:00,Ahmed Boulane,nm0099424,4
Islands,tt27796126,2026-01-30 00:00:00,Stacy Martin,nm5237479,5
Islands,tt27796126,2026-01-30 00:00:00,Sam Riley,nm0727165,6
Islands,tt27796126,2026-01-30 00:00:00,Jack Farthing,nm4958046,7
Islands,tt27796126,2026-01-30 00:00:00,Pep Ambròs,nm3314114,8
Islands,tt27796126,2026-01-30 00:00:00,Agnes Lindström Bolmgren,nm3866005,9
Islands,tt27796126,2026-01-30 00:00:00,Maya Unger,nm2111967,10
Islands,tt27796126,2026-01-30 00:00:00,Dylan Torrell,nm11354408,11
Islands,tt27796126,2026-01-30 00:00:00,Fernando Navas,nm2794645,12
Islands,tt27796126,2026-01-30 00:00:00,Dawid Pietkiewicz,nm2740325,13
Islands,tt27796126,2026-01-30 00:00:00,Irene Ferarios,nm16152474,14
Clika,tt28334938,2026-01-23 00:00:00,Nana Ponceleon,nm2641581,1
Clika,tt28334938,2026-01-23 00:00:00,Eric Roberts,nm0000616,2
Clika,tt28334938,2026-01-23 00:00:00,Peter Greene,nm0338886,3
Clika,tt28334938,2026-01-23 00:00:00,Bourke Floyd,nm0283239,4
Clika,tt28334938,2026-01-23 00:00:00,Master P,nm0005290,5
Clika,tt28334938,2026-01-23 00:00:00,Norman Towns,nm6427416,6
Clika,tt28334938,2026-01-23 00:00:00,Jay Dee,nm5116239,7
Clika,tt28334938,2026-01-23 00:00:00,Vivian Lamolli,nm4796168,8
Clika,tt28334938,2026-01-23 00:00:00,Paul Sinacore,nm3217025,9
Clika,tt28334938,2026-01-23 00:00:00,Alison Chace,nm2641262,10
Clika,tt28334938,2026-01-23 00:00:00,Pao Villalobos,nm6798714,11
Clika,tt28334938,2026-01-23 00:00:00,Cameron James Matthews,nm5964948,12
Clika,tt28334938,2026-01-23 00:00:00,Cory Aycock,nm3300778,13
Clika,tt28334938,2026-01-23 00:00:00,Cristian E. Gutierrez,nm7265009,14
Clika,tt28334938,2026-01-23 00:00:00,King Jaquell Martin,nm7017426,15
JFK Jr.,tt28633043,2026-01-16 00:00:00,Darius Burke,nm6507001,1
JFK Jr.,tt28633043,2026-01-16 00:00:00,Jacqui Denski,nm5741624,2
JFK Jr.,tt28633043,2026-01-16 00:00:00,Timothy Connelly,nm13655308,3
JFK Jr.,tt28633043,2026-01-16 00:00:00,Stephen O'Brien,nm7944374,4
JFK Jr.,tt28633043,2026-01-16 00:00:00,Elena Schick,nm5474762,5
JFK Jr.,tt28633043,2026-01-16 00:00:00,Dori Milly Grace,nm17097306,6
JFK Jr.,tt28633043,2026-01-16 00:00:00,Madelyn Sweet,nm13346263,7
JFK Jr.,tt28633043,2026-01-16 00:00:00,Henry Laun,nm6085634,8
JFK Jr.,tt28633043,2026-01-16 00:00:00,Ana Calixto,nm12181218,9
JFK Jr.,tt28633043,2026-01-16 00:00:00,David Michael Pepe III,nm8025440,10
JFK Jr.,tt28633043,2026-01-16 00:00:00,Calvin Zanetti,nm16019865,11
JFK Jr.,tt28633043,2026-01-16 00:00:00,Parker Grey Nelson,nm14236558,12
JFK Jr.,tt28633043,2026-01-16 00:00:00,Phil Harris,nm15792507,13
JFK Jr.,tt28633043,2026-01-16 00:00:00,Mandy the Dog,nm8725685,14
JFK Jr.,tt28633043,2026-01-16 00:00:00,TJ Dolan,nm15795382,15
The Super Mario Galaxy Movie,tt28650488,2026-04-03 00:00:00,Jack Black,nm0085312,1
The Super Mario Galaxy Movie,tt28650488,2026-04-03 00:00:00,Anya Taylor-Joy,nm5896355,2
The Super Mario Galaxy Movie,tt28650488,2026-04-03 00:00:00,Chris Pratt,nm0695435,3
The Super Mario Galaxy Movie,tt28650488,2026-04-03 00:00:00,Brie Larson,nm0488953,4
The Super Mario Galaxy Movie,tt28650488,2026-04-03 00:00:00,Benny Safdie,nm1509478,5
The Super Mario Galaxy Movie,tt28650488,2026-04-03 00:00:00,Keegan-Michael Key,nm1221047,6
The Super Mario Galaxy Movie,tt28650488,2026-04-03 00:00:00,Charlie Day,nm0206359,7
The Super Mario Galaxy Movie,tt28650488,2026-04-03 00:00:00,Kevin Michael Richardson,nm0724656,8
The Strangers: Chapter 3,tt28682323,2026-02-06 00:00:00,Madelaine Petsch,nm6663708,1
The Strangers: Chapter 3,tt28682323,2026-02-06 00:00:00,Richard Brake,nm0104114,2
The Strangers: Chapter 3,tt28682323,2026-02-06 00:00:00,Krystal Ellsworth,nm3422247,3
The Strangers: Chapter 3,tt28682323,2026-02-06 00:00:00,Janis Ahern,nm4273260,4
The Strangers: Chapter 3,tt28682323,2026-02-06 00:00:00,Kyle Breitkopf,nm3827460,5
The Strangers: Chapter 3,tt28682323,2026-02-06 00:00:00,Gabriel Basso,nm2773059,6
The Strangers: Chapter 3,tt28682323,2026-02-06 00:00:00,Rachel Shenton,nm2053650,7
The Strangers: Chapter 3,tt28682323,2026-02-06 00:00:00,George Young,nm2965226,8
The Strangers: Chapter 3,tt28682323,2026-02-06 00:00:00,Ben Cartwright,nm1408455,9
The Strangers: Chapter 3,tt28682323,2026-02-06 00:00:00,Stevee Davies,nm3482517,10
The Strangers: Chapter 3,tt28682323,2026-02-06 00:00:00,Hannah Galway,nm8851943,11
The Strangers: Chapter 3,tt28682323,2026-02-06 00:00:00,Ella Bruccoleri,nm9702409,12
The Strangers: Chapter 3,tt28682323,2026-02-06 00:00:00,Joel Labelle,nm4124639,13
The Strangers: Chapter 3,tt28682323,2026-02-06 00:00:00,Miles Yekinni,nm4126991,14
The Strangers: Chapter 3,tt28682323,2026-02-06 00:00:00,Pedro Leandro,nm7797052,15
Deep Water,tt29516222,2026-05-01 00:00:00,Aaron Eckhart,nm0001173,1
Deep Water,tt29516222,2026-05-01 00:00:00,Molly Belle Wright,nm11793826,2
Deep Water,tt29516222,2026-05-01 00:00:00,Kelly Gale,nm6145629,3
Deep Water,tt29516222,2026-05-01 00:00:00,Ben Kingsley,nm0001426,4
Deep Water,tt29516222,2026-05-01 00:00:00,Angus Sampson,nm0760151,5
Deep Water,tt29516222,2026-05-01 00:00:00,Priya Jain,nm7568073,6
Deep Water,tt29516222,2026-05-01 00:00:00,Rosie Zhao,nm15826105,7
Deep Water,tt29516222,2026-05-01 00:00:00,Richard Crouchley,nm11156289,8
Deep Water,tt29516222,2026-05-01 00:00:00,Rob Kipa-Williams,nm3900891,9
Deep Water,tt29516222,2026-05-01 00:00:00,Mark Hadlow,nm0352921,10
Deep Water,tt29516222,2026-05-01 00:00:00,Rosemary Li,nm16675793,11
Deep Water,tt29516222,2026-05-01 00:00:00,Lakota Johnson,nm7841377,12
Deep Water,tt29516222,2026-05-01 00:00:00,Madeleine West,nm0922210,13
Deep Water,tt29516222,2026-05-01 00:00:00,Ryan Bown,nm7635170,14
Deep Water,tt29516222,2026-05-01 00:00:00,Rarmian Newton,nm2848612,15
Whistle,tt29550683,2026-02-06 00:00:00,Dafne Keen,nm6748436,1
Whistle,tt29550683,2026-02-06 00:00:00,Sophie Nélisse,nm4563869,2
Whistle,tt29550683,2026-02-06 00:00:00,Percy Hynes White,nm4007171,3
Whistle,tt29550683,2026-02-06 00:00:00,Nick Frost,nm0296545,4
Whistle,tt29550683,2026-02-06 00:00:00,Ali Skovbye,nm3309629,5
Whistle,tt29550683,2026-02-06 00:00:00,Sky Yang,nm9478258,6
Whistle,tt29550683,2026-02-06 00:00:00,Stephen Kalyn,nm9822646,7
Whistle,tt29550683,2026-02-06 00:00:00,Lanette Ware,nm0710969,8
Whistle,tt29550683,2026-02-06 00:00:00,Janaya Stephens,nm0827048,9
Whistle,tt29550683,2026-02-06 00:00:00,Ruth Chiang,nm1122078,10
Whistle,tt29550683,2026-02-06 00:00:00,Troy James,nm8911148,11
Whistle,tt29550683,2026-02-06 00:00:00,Brandon James Sim,nm5505776,12
Whistle,tt29550683,2026-02-06 00:00:00,Louis Adams,nm0011160,13
Whistle,tt29550683,2026-02-06 00:00:00,Michael Koras,nm5646602,14
Whistle,tt29550683,2026-02-06 00:00:00,Mika Amonsen,nm9170317,15
Peaches Goes Bananas,tt30327721,2026-01-30 00:00:00,Marlene Saldana,nm3736855,1
The Bride!,tt30851137,2026-03-06 00:00:00,Jake Gyllenhaal,nm0350453,1
The Bride!,tt30851137,2026-03-06 00:00:00,Marko Caka,nm6517139,2
The Bride!,tt30851137,2026-03-06 00:00:00,Penélope Cruz,nm0004851,3
The Bride!,tt30851137,2026-03-06 00:00:00,William Hill,nm0384771,4
The Bride!,tt30851137,2026-03-06 00:00:00,Peter Sarsgaard,nm0765597,5
The Bride!,tt30851137,2026-03-06 00:00:00,Matthew Maher,nm0536866,6
The Bride!,tt30851137,2026-03-06 00:00:00,Louis Cancelmi,nm1209413,7
The Bride!,tt30851137,2026-03-06 00:00:00,John Magaro,nm1910274,8
The Bride!,tt30851137,2026-03-06 00:00:00,Christian Bale,nm0000288,9
The Bride!,tt30851137,2026-03-06 00:00:00,Annette Bening,nm0000906,10
The Bride!,tt30851137,2026-03-06 00:00:00,Jessie Buckley,nm2976580,11
The Bride!,tt30851137,2026-03-06 00:00:00,Jeannie Berlin,nm0075588,12
The Bride!,tt30851137,2026-03-06 00:00:00,Julianne Hough,nm2584600,13
The Bride!,tt30851137,2026-03-06 00:00:00,Massiel Mordan,nm4692337,14
The Bride!,tt30851137,2026-03-06 00:00:00,Stephanie Troyak,nm4809866,15
Southside Kev,tt31015089,2026-03-20 00:00:00,McKinzie J. Scott,nm15118305,1
Southside Kev,tt31015089,2026-03-20 00:00:00,Anthony M. Walker,nm3661660,2
Southside Kev,tt31015089,2026-03-20 00:00:00,CK Fernandez,nm2779882,3
Southside Kev,tt31015089,2026-03-20 00:00:00,Naomi Taylor,nm14517688,4
Southside Kev,tt31015089,2026-03-20 00:00:00,Alpachino Howard,nm10971743,5
Southside Kev,tt31015089,2026-03-20 00:00:00,Anthony Nio Perez,nm12990762,6
Southside Kev,tt31015089,2026-03-20 00:00:00,Chrys Edwards,nm15747889,7
Southside Kev,tt31015089,2026-03-20 00:00:00,Brandon Chastang,nm12928271,8
Southside Kev,tt31015089,2026-03-20 00:00:00,King Brandon Smith,nm15036068,9
Southside Kev,tt31015089,2026-03-20 00:00:00,Nathan Lewis,nm15757300,10
Southside Kev,tt31015089,2026-03-20 00:00:00,Yahteek Miles,nm16631622,11
Southside Kev,tt31015089,2026-03-20 00:00:00,Torisha Laforce,nm16307679,12
Mercy,tt31050594,2026-01-23 00:00:00,Rebecca Ferguson,nm0272581,1
Mercy,tt31050594,2026-01-23 00:00:00,Michael C. Mahon,nm0537103,2
Mercy,tt31050594,2026-01-23 00:00:00,Renata Ribeiro,nm4683179,3
Mercy,tt31050594,2026-01-23 00:00:00,Kenneth Choi,nm0158846,4
Mercy,tt31050594,2026-01-23 00:00:00,Carlos Antonio,nm0031378,5
Mercy,tt31050594,2026-01-23 00:00:00,Noah Fearnley,nm10885467,6
Mercy,tt31050594,2026-01-23 00:00:00,Chris Sullivan,nm2884388,7
Mercy,tt31050594,2026-01-23 00:00:00,Annabelle Wallis,nm1834115,8
Mercy,tt31050594,2026-01-23 00:00:00,Philicia Saunders,nm3578394,9
Mercy,tt31050594,2026-01-23 00:00:00,Kylie Rogers,nm4814017,10
Mercy,tt31050594,2026-01-23 00:00:00,Konstantin Podprugin,nm8126223,11
Mercy,tt31050594,2026-01-23 00:00:00,Jeff Pierre,nm4168033,12
Mercy,tt31050594,2026-01-23 00:00:00,Rafi Gavron,nm1969169,13
Mercy,tt31050594,2026-01-23 00:00:00,Jamie McBride,nm1408628,14
Mercy,tt31050594,2026-01-23 00:00:00,John Bubniak,nm6778277,15
Normal,tt31195136,2026-04-17 00:00:00,Reena Jolly,nm8674943,1
Normal,tt31195136,2026-04-17 00:00:00,Brendan Fletcher,nm0281956,2
Normal,tt31195136,2026-04-17 00:00:00,Brian Kawakami,nm1753591,3
Normal,tt31195136,2026-04-17 00:00:00,Henry Winkler,nm0001857,4
Normal,tt31195136,2026-04-17 00:00:00,Bob Odenkirk,nm0644022,5
Normal,tt31195136,2026-04-17 00:00:00,Lena Headey,nm0372176,6
Normal,tt31195136,2026-04-17 00:00:00,Billy MacLellan,nm0533832,7
Normal,tt31195136,2026-04-17 00:00:00,David Lawrence Brown,nm0113357,8
Normal,tt31195136,2026-04-17 00:00:00,Peter Shinkoda,nm0793946,9
Normal,tt31195136,2026-04-17 00:00:00,Jess McLeod,nm2004178,10
Normal,tt31195136,2026-04-17 00:00:00,Ryan Allen,nm3042278,11
Normal,tt31195136,2026-04-17 00:00:00,Lauren Cochrane,nm2497076,12
Normal,tt31195136,2026-04-17 00:00:00,Dan De Jaeger,nm3463846,13
Normal,tt31195136,2026-04-17 00:00:00,Aaron Merke,nm2430074,14
Normal,tt31195136,2026-04-17 00:00:00,Carson Nattrass,nm0622442,15
Dracula: A Love Tale,tt31434030,2026-02-06 00:00:00,Caleb Landry Jones,nm2655177,1
Dracula: A Love Tale,tt31434030,2026-02-06 00:00:00,Christoph Waltz,nm0910607,2
Dracula: A Love Tale,tt31434030,2026-02-06 00:00:00,Zoë Bleu,nm3396904,3
Dracula: A Love Tale,tt31434030,2026-02-06 00:00:00,Guillaume de Tonquédec,nm0211956,4
Dracula: A Love Tale,tt31434030,2026-02-06 00:00:00,Matilda De Angelis,nm7006860,5
Dracula: A Love Tale,tt31434030,2026-02-06 00:00:00,Ewens Abid,nm12491832,6
Dracula: A Love Tale,tt31434030,2026-02-06 00:00:00,David Shields,nm7104160,7
Dracula: A Love Tale,tt31434030,2026-02-06 00:00:00,Bertrand-Xavier Corbi,nm2771209,8
Dracula: A Love Tale,tt31434030,2026-02-06 00:00:00,Raphael Luce,nm11561207,9
Dracula: A Love Tale,tt31434030,2026-02-06 00:00:00,Liviu Bora,nm7136884,10
Dracula: A Love Tale,tt31434030,2026-02-06 00:00:00,Anne Kessler,nm0450306,11
Dracula: A Love Tale,tt31434030,2026-02-06 00:00:00,Romain Levi,nm4678676,12
Dracula: A Love Tale,tt31434030,2026-02-06 00:00:00,Jassem Mougari,nm5438655,13
Dracula: A Love Tale,tt31434030,2026-02-06 00:00:00,Thalia Besson,nm9438957,14
Dracula: A Love Tale,tt31434030,2026-02-06 00:00:00,Haymon Maria Buttinger,nm0125379,15
Dreams,tt31710990,2026-02-27 00:00:00,Isaac Hernández,nm9589293,1
Dreams,tt31710990,2026-02-27 00:00:00,Eduardo Gonzalez,nm4004050,2
Dreams,tt31710990,2026-02-27 00:00:00,Hugo Costa Ramos,nm4285284,3
Dreams,tt31710990,2026-02-27 00:00:00,Julio Bernal,nm17110324,4
Dreams,tt31710990,2026-02-27 00:00:00,René Martínez,nm8980687,5
Dreams,tt31710990,2026-02-27 00:00:00,Nadia Chiney,nm17110331,6
Dreams,tt31710990,2026-02-27 00:00:00,Jessica Chastain,nm1567113,7
Dreams,tt31710990,2026-02-27 00:00:00,Rupert Friend,nm1670029,8
Dreams,tt31710990,2026-02-27 00:00:00,Marshall Bell,nm0068382,9
Dreams,tt31710990,2026-02-27 00:00:00,Nadia Flamenco,nm9013869,10
Dreams,tt31710990,2026-02-27 00:00:00,Ali Kiley,nm14353696,11
Dreams,tt31710990,2026-02-27 00:00:00,Areyla Faeron,nm12365717,12
Dreams,tt31710990,2026-02-27 00:00:00,Rafael Jiménez,nm17110344,13
Dreams,tt31710990,2026-02-27 00:00:00,Mercedes Hernández,nm2543344,14
Dreams,tt31710990,2026-02-27 00:00:00,Eligio Meléndez,nm0578577,15
They Will Kill You,tt31728330,2026-03-27 00:00:00,Patricia Arquette,nm0000099,1
They Will Kill You,tt31728330,2026-03-27 00:00:00,Heather Graham,nm0001287,2
They Will Kill You,tt31728330,2026-03-27 00:00:00,Tom Felton,nm0271657,3
They Will Kill You,tt31728330,2026-03-27 00:00:00,Zazie Beetz,nm5939164,4
They Will Kill You,tt31728330,2026-03-27 00:00:00,Myha'la,nm9684601,5
They Will Kill You,tt31728330,2026-03-27 00:00:00,Darron Meyer,nm2378861,6
They Will Kill You,tt31728330,2026-03-27 00:00:00,Armando Rivera,nm13821953,7
They Will Kill You,tt31728330,2026-03-27 00:00:00,Chris van Rensburg,nm3529717,8
They Will Kill You,tt31728330,2026-03-27 00:00:00,Gabe Gabriel,nm5520267,9
They Will Kill You,tt31728330,2026-03-27 00:00:00,Megan Alexander,nm8019086,10
28 Years Later: The Bone Temple,tt32141377,2026-01-16 00:00:00,Ralph Fiennes,nm0000146,1
28 Years Later: The Bone Temple,tt32141377,2026-01-16 00:00:00,Jack O'Connell,nm1925239,2
28 Years Later: The Bone Temple,tt32141377,2026-01-16 00:00:00,Emma Laird,nm10058940,3
28 Years Later: The Bone Temple,tt32141377,2026-01-16 00:00:00,Chi Lewis-Parry,nm5213912,4
28 Years Later: The Bone Temple,tt32141377,2026-01-16 00:00:00,Robert Rhodes,nm13566004,5
28 Years Later: The Bone Temple,tt32141377,2026-01-16 00:00:00,Alfie Williams,nm12595111,6
28 Years Later: The Bone Temple,tt32141377,2026-01-16 00:00:00,Erin Kellyman,nm7210986,7
28 Years Later: The Bone Temple,tt32141377,2026-01-16 00:00:00,Louis Ashbourne Serkis,nm6162831,8
28 Years Later: The Bone Temple,tt32141377,2026-01-16 00:00:00,David Sterne,nm0827664,9
28 Years Later: The Bone Temple,tt32141377,2026-01-16 00:00:00,Maura Bird,nm10547656,10
28 Years Later: The Bone Temple,tt32141377,2026-01-16 00:00:00,Sam Locke,nm11271517,11
28 Years Later: The Bone Temple,tt32141377,2026-01-16 00:00:00,Natalie Cousteau,nm1490219,12
28 Years Later: The Bone Temple,tt32141377,2026-01-16 00:00:00,Elliot Benn,nm10096080,13
28 Years Later: The Bone Temple,tt32141377,2026-01-16 00:00:00,Ghazi Al Ruffai,nm14025829,14
28 Years Later: The Bone Temple,tt32141377,2026-01-16 00:00:00,Mia Verity,nm17652193,15
FECES/////MATTER,tt32195850,2026-01-30 00:00:00,Casey Barnes,nm13256017,1
FECES/////MATTER,tt32195850,2026-01-30 00:00:00,Eric Canfield,nm6676518,2
FECES/////MATTER,tt32195850,2026-01-30 00:00:00,Anna Colvin,nm11056643,3
FECES/////MATTER,tt32195850,2026-01-30 00:00:00,Alexander Ekker,nm15400747,4
FECES/////MATTER,tt32195850,2026-01-30 00:00:00,Sanath Hegde,nm13536464,5
FECES/////MATTER,tt32195850,2026-01-30 00:00:00,Jacob Israel,nm14795857,6
FECES/////MATTER,tt32195850,2026-01-30 00:00:00,Caleb M. Jordan,nm12572794,7
FECES/////MATTER,tt32195850,2026-01-30 00:00:00,Jude Kilumbu,nm13046602,8
FECES/////MATTER,tt32195850,2026-01-30 00:00:00,Matias Kruse,nm15730632,9
FECES/////MATTER,tt32195850,2026-01-30 00:00:00,Will Lampe,nm16069055,10
FECES/////MATTER,tt32195850,2026-01-30 00:00:00,Caleb McKnabb,nm14107978,11
FECES/////MATTER,tt32195850,2026-01-30 00:00:00,Quinton Nash,nm10270878,12
FECES/////MATTER,tt32195850,2026-01-30 00:00:00,Aidan Roche,nm15832254,13
FECES/////MATTER,tt32195850,2026-01-30 00:00:00,Erika Sharp,nm14334990,14
FECES/////MATTER,tt32195850,2026-01-30 00:00:00,Seth Williams,nm13525936,15
The Singing Priest,tt32207971,2026-04-02 00:00:00,Roberto Benigni,nm0000905,1
The Singing Priest,tt32207971,2026-04-02 00:00:00,Andrea Bocelli,nm0004765,2
The Singing Priest,tt32207971,2026-04-02 00:00:00,Matteo Bocelli,nm10016096,3
The Singing Priest,tt32207971,2026-04-02 00:00:00,Artin John,nm4730571,4
Alpha,tt32275943,2026-03-27 00:00:00,Tahar Rahim,nm2588665,1
Alpha,tt32275943,2026-03-27 00:00:00,Golshifteh Farahani,nm0267042,2
Alpha,tt32275943,2026-03-27 00:00:00,Mélissa Boros,nm13269520,3
Alpha,tt32275943,2026-03-27 00:00:00,Emma Mackey,nm8076281,4
Alpha,tt32275943,2026-03-27 00:00:00,Finnegan Oldfield,nm2028613,5
Alpha,tt32275943,2026-03-27 00:00:00,Louai El Amrousy,nm15338537,6
Alpha,tt32275943,2026-03-27 00:00:00,Ambrine Trigo Ouaked,nm14440724,7
Alpha,tt32275943,2026-03-27 00:00:00,Zohra Benbetka,nm17621467,8
Alpha,tt32275943,2026-03-27 00:00:00,Fadila Belkebla,nm0067949,9
Alpha,tt32275943,2026-03-27 00:00:00,Sofia Naït,nm5066398,10
Alpha,tt32275943,2026-03-27 00:00:00,Bahia Badji,nm17621463,11
Alpha,tt32275943,2026-03-27 00:00:00,Marc Riso,nm6848464,12
Alpha,tt32275943,2026-03-27 00:00:00,Jean-Charles Clichet,nm2806009,13
Alpha,tt32275943,2026-03-27 00:00:00,François Rollin,nm0738391,14
Alpha,tt32275943,2026-03-27 00:00:00,Driver,nm4855218,15
Solo Mio,tt32306991,2026-02-06 00:00:00,Kevin James,nm0416673,1
Solo Mio,tt32306991,2026-02-06 00:00:00,Jonathan Roumie,nm0745751,2
Solo Mio,tt32306991,2026-02-06 00:00:00,Kim Coates,nm0167649,3
Solo Mio,tt32306991,2026-02-06 00:00:00,Alyson Hannigan,nm0004989,4
Solo Mio,tt32306991,2026-02-06 00:00:00,Julie Ann Emery,nm1024264,5
Solo Mio,tt32306991,2026-02-06 00:00:00,Nicole Grimaudo,nm0342151,6
Solo Mio,tt32306991,2026-02-06 00:00:00,Julee Cerda,nm2410458,7
Solo Mio,tt32306991,2026-02-06 00:00:00,Evelina Meghnagi,nm0576316,8
Solo Mio,tt32306991,2026-02-06 00:00:00,Alessandro Cucca,nm12947899,9
Solo Mio,tt32306991,2026-02-06 00:00:00,Caterina Silva,nm0798255,10
Solo Mio,tt32306991,2026-02-06 00:00:00,Daniela Glasgow,nm12417126,11
Solo Mio,tt32306991,2026-02-06 00:00:00,Julia Messina,nm12052542,12
Solo Mio,tt32306991,2026-02-06 00:00:00,Alessandro Carbonara,nm9119464,13
Solo Mio,tt32306991,2026-02-06 00:00:00,Allina Cerni,nm13381339,14
Solo Mio,tt32306991,2026-02-06 00:00:00,Valentina Fois,nm3064030,15
Pillion,tt32321317,2026-02-06 00:00:00,Alexander Skarsgård,nm0002907,1
Pillion,tt32321317,2026-02-06 00:00:00,Harry Melling,nm0577982,2
Pillion,tt32321317,2026-02-06 00:00:00,Douglas Hodge,nm0388061,3
Pillion,tt32321317,2026-02-06 00:00:00,Lesley Sharp,nm0789093,4
Pillion,tt32321317,2026-02-06 00:00:00,Anthony Welsh,nm3455151,5
Pillion,tt32321317,2026-02-06 00:00:00,Jake Shears,nm0783283,6
Pillion,tt32321317,2026-02-06 00:00:00,Billy King,nm7767707,7
Pillion,tt32321317,2026-02-06 00:00:00,Stevie Raine,nm3678878,8
Pillion,tt32321317,2026-02-06 00:00:00,Jake Sharp,nm6121001,9
Pillion,tt32321317,2026-02-06 00:00:00,Georgina Hellier,nm7450601,10
Pillion,tt32321317,2026-02-06 00:00:00,Rosie Sheehy,nm8382508,11
Pillion,tt32321317,2026-02-06 00:00:00,Miranda Bell,nm0068414,12
Pillion,tt32321317,2026-02-06 00:00:00,Paul Tallis,nm17217857,13
Pillion,tt32321317,2026-02-06 00:00:00,Nick Figgis,nm0276556,14
Pillion,tt32321317,2026-02-06 00:00:00,Michael 'Mike' Jones,nm17318384,15
The Strange Dark,tt32330904,2026-01-16 00:00:00,Nili Bassman,nm0060320,1
The Strange Dark,tt32330904,2026-01-16 00:00:00,Caleb Scott,nm3259251,2
The Strange Dark,tt32330904,2026-01-16 00:00:00,Carmen Borla,nm6686874,3
The Strange Dark,tt32330904,2026-01-16 00:00:00,Bates Wilder,nm0928560,4
The Strange Dark,tt32330904,2026-01-16 00:00:00,John Beckwith,nm10650208,5
The Strange Dark,tt32330904,2026-01-16 00:00:00,Carson Jean Holley,nm10981398,6
The Strange Dark,tt32330904,2026-01-16 00:00:00,Athan Sporek,nm7482229,7
Mutiny,tt32338669,2026-01-09 00:00:00,Jason Statham,nm0005458,1
Mutiny,tt32338669,2026-01-09 00:00:00,Annabelle Wallis,nm1834115,2
Mutiny,tt32338669,2026-01-09 00:00:00,Chaneil Kular,nm9894581,3
Mutiny,tt32338669,2026-01-09 00:00:00,Adrian Lester,nm0504412,4
Mutiny,tt32338669,2026-01-09 00:00:00,Arnas Fedaravicius,nm4538500,5
Mutiny,tt32338669,2026-01-09 00:00:00,Lee Charles,nm3124775,6
Mutiny,tt32338669,2026-01-09 00:00:00,Roland Møller,nm3435612,7
Mutiny,tt32338669,2026-01-09 00:00:00,Ben Cartwright,nm1408455,8
Mutiny,tt32338669,2026-01-09 00:00:00,Jason Wong,nm3438484,9
Mutiny,tt32338669,2026-01-09 00:00:00,Rumi Sutton,nm13339986,10
Mutiny,tt32338669,2026-01-09 00:00:00,Tom Christian,nm5276849,11
Mutiny,tt32338669,2026-01-09 00:00:00,Steven Blades,nm6216488,12
Mutiny,tt32338669,2026-01-09 00:00:00,Jessica Wai Sum Tong,nm14221272,13
Shelter,tt32357218,2026-01-30 00:00:00,Jason Statham,nm0005458,1
Shelter,tt32357218,2026-01-30 00:00:00,Bill Nighy,nm0631490,2
Shelter,tt32357218,2026-01-30 00:00:00,Harriet Walter,nm0910040,3
Shelter,tt32357218,2026-01-30 00:00:00,Naomi Ackie,nm7609875,4
Shelter,tt32357218,2026-01-30 00:00:00,Daniel Mays,nm0990547,5
Shelter,tt32357218,2026-01-30 00:00:00,Bodhi Rae Breathnach,nm11417004,6
Shelter,tt32357218,2026-01-30 00:00:00,Billy Clements,nm10968854,7
Shelter,tt32357218,2026-01-30 00:00:00,Bronson Webb,nm0916037,8
Shelter,tt32357218,2026-01-30 00:00:00,Bally Gill,nm2617312,9
Shelter,tt32357218,2026-01-30 00:00:00,Tomi May,nm3314507,10
Shelter,tt32357218,2026-01-30 00:00:00,Tom Wu,nm0943179,11
Shelter,tt32357218,2026-01-30 00:00:00,Anna Crilly,nm2418097,12
Shelter,tt32357218,2026-01-30 00:00:00,Sofian Francis,nm5770586,13
Shelter,tt32357218,2026-01-30 00:00:00,Adam Collins,nm5143645,14
Shelter,tt32357218,2026-01-30 00:00:00,Ryan Fletcher,nm1229526,15
Calle Málaga,tt32429174,2026-02-06 00:00:00,Carmen Maura,nm0560962,1
Calle Málaga,tt32429174,2026-02-06 00:00:00,Marta Etura,nm1011070,2
Calle Málaga,tt32429174,2026-02-06 00:00:00,Ahmed Boulane,nm0099424,3
Calle Málaga,tt32429174,2026-02-06 00:00:00,María Alfonsa Rosso,nm0743133,4
Calle Málaga,tt32429174,2026-02-06 00:00:00,Sanae Regragui,nm6454120,5
Calle Málaga,tt32429174,2026-02-06 00:00:00,Miguel Garcés,nm0962195,6
Calle Málaga,tt32429174,2026-02-06 00:00:00,Tarik Rmili,nm6593670,7
Calle Málaga,tt32429174,2026-02-06 00:00:00,Mohamed Naimane,nm5814128,8
Calle Málaga,tt32429174,2026-02-06 00:00:00,Moustapha Haouchine,nm14904620,9
Calle Málaga,tt32429174,2026-02-06 00:00:00,La Imèn,nm14980820,10
Calle Málaga,tt32429174,2026-02-06 00:00:00,Hamza Guemhahi,nm17522494,11
Calle Málaga,tt32429174,2026-02-06 00:00:00,Aziz Filali,nm17522507,12
Calle Málaga,tt32429174,2026-02-06 00:00:00,Mohammed El Aouni,nm17522518,13
Calle Málaga,tt32429174,2026-02-06 00:00:00,Ali Mchat,nm17522519,14
Calle Málaga,tt32429174,2026-02-06 00:00:00,Abdelilah Iramdane,nm17522510,15
GOAT,tt32499880,2026-02-13 00:00:00,Rachna Vasavada,nm13405822,1
Moses the Black,tt32542065,2026-01-30 00:00:00,Omar Epps,nm0004898,1
Moses the Black,tt32542065,2026-01-30 00:00:00,Chukwudi Iwuji,nm1030244,2
Moses the Black,tt32542065,2026-01-30 00:00:00,Wiz Khalifa,nm4381591,3
Moses the Black,tt32542065,2026-01-30 00:00:00,Ahmad Nicholas Ferguson,nm8465545,4
Moses the Black,tt32542065,2026-01-30 00:00:00,Cliff Chamberlain,nm1554516,5
Moses the Black,tt32542065,2026-01-30 00:00:00,Corey Hendrix,nm4141529,6
Moses the Black,tt32542065,2026-01-30 00:00:00,Quavo,nm8435168,7
Moses the Black,tt32542065,2026-01-30 00:00:00,Kierra Bunch,nm4883789,8
Moses the Black,tt32542065,2026-01-30 00:00:00,Deontay Wilder,nm5248931,9
Moses the Black,tt32542065,2026-01-30 00:00:00,Tyré Green,nm9380413,10
Moses the Black,tt32542065,2026-01-30 00:00:00,Jimmy Cone,nm17896173,11
Moses the Black,tt32542065,2026-01-30 00:00:00,David Krostal,nm14858503,12
Moses the Black,tt32542065,2026-01-30 00:00:00,Jay Street,nm2433377,13
Moses the Black,tt32542065,2026-01-30 00:00:00,Vonzell D. Scott,nm7195468,14
Moses the Black,tt32542065,2026-01-30 00:00:00,Skilla Baby,nm13816987,15
Three Bags Full: A Sheep Detective Movie,tt32566481,2026-02-20 00:00:00,Emma Thompson,nm0000668,1
Three Bags Full: A Sheep Detective Movie,tt32566481,2026-02-20 00:00:00,Hugh Jackman,nm0413168,2
Three Bags Full: A Sheep Detective Movie,tt32566481,2026-02-20 00:00:00,Molly Gordon,nm1094137,3
Three Bags Full: A Sheep Detective Movie,tt32566481,2026-02-20 00:00:00,Nicholas Galitzine,nm5954280,4
Three Bags Full: A Sheep Detective Movie,tt32566481,2026-02-20 00:00:00,Nicholas Braun,nm1002609,5
Three Bags Full: A Sheep Detective Movie,tt32566481,2026-02-20 00:00:00,Mandeep Dhillon,nm3778244,6
Three Bags Full: A Sheep Detective Movie,tt32566481,2026-02-20 00:00:00,Hong Chau,nm2186865,7
Three Bags Full: A Sheep Detective Movie,tt32566481,2026-02-20 00:00:00,Conleth Hill,nm0384152,8
Three Bags Full: A Sheep Detective Movie,tt32566481,2026-02-20 00:00:00,Tosin Cole,nm4108791,9
Three Bags Full: A Sheep Detective Movie,tt32566481,2026-02-20 00:00:00,George Harris,nm2005592,10
Three Bags Full: A Sheep Detective Movie,tt32566481,2026-02-20 00:00:00,Kobna Holdbrook-Smith,nm1506183,11
Three Bags Full: A Sheep Detective Movie,tt32566481,2026-02-20 00:00:00,James Wright,nm15724785,12
The Mummy,tt32612507,2026-04-17 00:00:00,Jack Reynor,nm2930503,1
The Mummy,tt32612507,2026-04-17 00:00:00,Laia Costa,nm4663937,2
The Mummy,tt32612507,2026-04-17 00:00:00,May Calamawy,nm2790595,3
The Mummy,tt32612507,2026-04-17 00:00:00,Veronica Falcón,nm1227481,4
The Mummy,tt32612507,2026-04-17 00:00:00,Emily Mitchell,nm12876537,5
The Mummy,tt32612507,2026-04-17 00:00:00,Hayat Kamille,nm6360097,6
The Mummy,tt32612507,2026-04-17 00:00:00,Natalie Grace,nm10576004,7
The Mummy,tt32612507,2026-04-17 00:00:00,Billie Roy,nm13136436,8
The Mummy,tt32612507,2026-04-17 00:00:00,Shylo Molina,nm11141281,9
The Mummy,tt32612507,2026-04-17 00:00:00,May Elghety,nm8162814,10
The Mummy,tt32612507,2026-04-17 00:00:00,Dean Allen Williams,nm13045538,11
The Rip,tt32642706,2026-01-16 00:00:00,Teyana Taylor,nm3692520,1
The Rip,tt32642706,2026-01-16 00:00:00,Matt Damon,nm0000354,2
The Rip,tt32642706,2026-01-16 00:00:00,Ben Affleck,nm0000255,3
The Rip,tt32642706,2026-01-16 00:00:00,Kyle Chandler,nm0151419,4
The Rip,tt32642706,2026-01-16 00:00:00,Scott Adkins,nm0012078,5
The Rip,tt32642706,2026-01-16 00:00:00,Steven Yeun,nm3081796,6
The Rip,tt32642706,2026-01-16 00:00:00,Sasha Calle,nm8567338,7
The Rip,tt32642706,2026-01-16 00:00:00,Catalina Sandino Moreno,nm1503432,8
The Rip,tt32642706,2026-01-16 00:00:00,Nestor Carbonell,nm0004801,9
The Rip,tt32642706,2026-01-16 00:00:00,Lina Esco,nm2128467,10
The Rip,tt32642706,2026-01-16 00:00:00,Daisuke Tsuji,nm2473600,11
The Rip,tt32642706,2026-01-16 00:00:00,Jose Pablo Cantillo,nm1504678,12
The Rip,tt32642706,2026-01-16 00:00:00,Scot Teller,nm9854804,13
The Rip,tt32642706,2026-01-16 00:00:00,Shawn Michael,nm2474489,14
The Rip,tt32642706,2026-01-16 00:00:00,Allie Moreno,nm7365180,15
SOULM8TE,tt32654916,2026-01-09 00:00:00,Valerie Hanna,nm2599780,1
SOULM8TE,tt32654916,2026-01-09 00:00:00,David Rysdahl,nm3314705,2
SOULM8TE,tt32654916,2026-01-09 00:00:00,Claudia Doumit,nm4707628,3
SOULM8TE,tt32654916,2026-01-09 00:00:00,Lily Sullivan,nm4591498,4
SOULM8TE,tt32654916,2026-01-09 00:00:00,Oliver Cooper,nm3967796,5
SOULM8TE,tt32654916,2026-01-09 00:00:00,Steve Chusak,nm7067240,6
SOULM8TE,tt32654916,2026-01-09 00:00:00,Ossian Perret,nm9791464,7
SOULM8TE,tt32654916,2026-01-09 00:00:00,Jon Tarcy,nm6879708,8
SOULM8TE,tt32654916,2026-01-09 00:00:00,Isabelle Bonfrer,nm7717616,9
SOULM8TE,tt32654916,2026-01-09 00:00:00,Emma Ramos,nm4080915,10
SOULM8TE,tt32654916,2026-01-09 00:00:00,Nicholas Lane,nm12234612,11
SOULM8TE,tt32654916,2026-01-09 00:00:00,Robert Ashe,nm1143236,12
SOULM8TE,tt32654916,2026-01-09 00:00:00,Hannah Brady,nm8316387,13
SOULM8TE,tt32654916,2026-01-09 00:00:00,Charlie Kranz,nm0469818,14
SOULM8TE,tt32654916,2026-01-09 00:00:00,Harleen Sahota,nm15089436,15
Wuthering Heights,tt32897959,2026-02-13 00:00:00,Jacob Elordi,nm8624059,1
Wuthering Heights,tt32897959,2026-02-13 00:00:00,Margot Robbie,nm3053338,2
Wuthering Heights,tt32897959,2026-02-13 00:00:00,Alison Oliver,nm2519720,3
Wuthering Heights,tt32897959,2026-02-13 00:00:00,Owen Cooper,nm16369583,4
Wuthering Heights,tt32897959,2026-02-13 00:00:00,Hong Chau,nm2186865,5
Wuthering Heights,tt32897959,2026-02-13 00:00:00,Martin Clunes,nm0167340,6
Wuthering Heights,tt32897959,2026-02-13 00:00:00,Ewan Mitchell,nm7359071,7
Wuthering Heights,tt32897959,2026-02-13 00:00:00,Shazad Latif,nm3691746,8
Wuthering Heights,tt32897959,2026-02-13 00:00:00,Charlotte Mellington,nm17090711,9
Wuthering Heights,tt32897959,2026-02-13 00:00:00,Robert Cawsey,nm1660010,10
Wuthering Heights,tt32897959,2026-02-13 00:00:00,Vy Nguyen,nm17002043,11
Wuthering Heights,tt32897959,2026-02-13 00:00:00,Andrew Charles Davis,nm17431726,12
Primate,tt33028778,2026-01-09 00:00:00,Johnny Sequoyah,nm4292747,1
Primate,tt33028778,2026-01-09 00:00:00,Troy Kotsur,nm1319274,2
Primate,tt33028778,2026-01-09 00:00:00,Jessica Alexander,nm7987534,3
Primate,tt33028778,2026-01-09 00:00:00,Victoria Wyant,nm13480610,4
Primate,tt33028778,2026-01-09 00:00:00,Kevin McNally,nm0573618,5
Primate,tt33028778,2026-01-09 00:00:00,Ben Pronsky,nm1408690,6
Primate,tt33028778,2026-01-09 00:00:00,Kae Alexander,nm3664502,7
Primate,tt33028778,2026-01-09 00:00:00,Charlie Mann,nm7909596,8
Primate,tt33028778,2026-01-09 00:00:00,Gia Hunter,nm11073265,9
Primate,tt33028778,2026-01-09 00:00:00,Benjamin Cheng,nm16681745,10
Primate,tt33028778,2026-01-09 00:00:00,Stuart Whelan,nm8004657,11
Primate,tt33028778,2026-01-09 00:00:00,Tienne Simon,nm13760033,12
Primate,tt33028778,2026-01-09 00:00:00,Miguel Torres Umba,nm11749919,13
Primate,tt33028778,2026-01-09 00:00:00,Albert Magashi,nm8680644,14
Primate,tt33028778,2026-01-09 00:00:00,Amina Abdi,nm16582103,15
The Drama,tt33071426,2026-04-03 00:00:00,Robert Pattinson,nm1500155,1
The Drama,tt33071426,2026-04-03 00:00:00,Zendaya,nm3918035,2
The Drama,tt33071426,2026-04-03 00:00:00,Alana Haim,nm6076229,3
The Drama,tt33071426,2026-04-03 00:00:00,Zoë Winters,nm2925225,4
The Drama,tt33071426,2026-04-03 00:00:00,Michael Abbott Jr.,nm2534638,5
The Drama,tt33071426,2026-04-03 00:00:00,Mamoudou Athie,nm6974206,6
The Drama,tt33071426,2026-04-03 00:00:00,Hailey Gates,nm3687486,7
The Drama,tt33071426,2026-04-03 00:00:00,Sydney Lemmon,nm5517526,8
The Drama,tt33071426,2026-04-03 00:00:00,YaYa Gosselin,nm8533749,9
The Drama,tt33071426,2026-04-03 00:00:00,Jordyn Curet,nm4678576,10
The Drama,tt33071426,2026-04-03 00:00:00,Peyton Jackson,nm9848596,11
The Drama,tt33071426,2026-04-03 00:00:00,Chase Breithoff,nm16556830,12
The Drama,tt33071426,2026-04-03 00:00:00,Christopher C. James,nm13295247,13
The Drama,tt33071426,2026-04-03 00:00:00,Echo Campbell,nm7385087,14
The Drama,tt33071426,2026-04-03 00:00:00,Shawn Fogarty,nm1585038,15
Hoppers,tt33088413,2026-03-06 00:00:00,Piper Curda,nm4552582,1
Hoppers,tt33088413,2026-03-06 00:00:00,Bobby Moynihan,nm1293885,2
Hoppers,tt33088413,2026-03-06 00:00:00,Jon Hamm,nm0358316,3
A Great Awakening,tt33305882,2026-04-03 00:00:00,John Paul Sneed,nm17802440,1
A Great Awakening,tt33305882,2026-04-03 00:00:00,Jonathan Blair,nm7085459,2
A Great Awakening,tt33305882,2026-04-03 00:00:00,Joe Dignoti,nm2639110,3
A Great Awakening,tt33305882,2026-04-03 00:00:00,Stephen Foster Harris,nm4803342,4
A Great Awakening,tt33305882,2026-04-03 00:00:00,Zac Johnson,nm8147320,5
A Great Awakening,tt33305882,2026-04-03 00:00:00,Josh Bates,nm17033827,6
A Great Awakening,tt33305882,2026-04-03 00:00:00,Matt Meyer,nm17656234,7
Ástin sem eftir er,tt33381401,2026-01-30 00:00:00,Panda,nm17826789,1
Ástin sem eftir er,tt33381401,2026-01-30 00:00:00,Saga Garðarsdóttir,nm5574267,2
Ástin sem eftir er,tt33381401,2026-01-30 00:00:00,Ída Mekkín Hlynsdóttir,nm10588371,3
Ástin sem eftir er,tt33381401,2026-01-30 00:00:00,Sverrir Gudnason,nm0345695,4
Ástin sem eftir er,tt33381401,2026-01-30 00:00:00,Ingvar Sigurdsson,nm0797614,5
Ástin sem eftir er,tt33381401,2026-01-30 00:00:00,Anders Mossling,nm2017961,6
Ástin sem eftir er,tt33381401,2026-01-30 00:00:00,Katla M. Þorgeirsdóttir,nm1204753,7
Ástin sem eftir er,tt33381401,2026-01-30 00:00:00,Halldór Laxness Halldórsson,nm2282593,8
Ástin sem eftir er,tt33381401,2026-01-30 00:00:00,Grímur Hlynsson,nm13279799,9
Ástin sem eftir er,tt33381401,2026-01-30 00:00:00,Þorgils Hlynsson,nm13279801,10
Ástin sem eftir er,tt33381401,2026-01-30 00:00:00,Kristinn Guðmundsson,nm10780780,11
The Devil Wears Prada 2,tt33612209,2026-05-01 00:00:00,Meryl Streep,nm0000658,1
The Devil Wears Prada 2,tt33612209,2026-05-01 00:00:00,Stanley Tucci,nm0001804,2
The Devil Wears Prada 2,tt33612209,2026-05-01 00:00:00,Lucy Liu,nm0005154,3
The Devil Wears Prada 2,tt33612209,2026-05-01 00:00:00,Tracie Thoms,nm1139632,4
The Devil Wears Prada 2,tt33612209,2026-05-01 00:00:00,Kenneth Branagh,nm0000110,5
The Devil Wears Prada 2,tt33612209,2026-05-01 00:00:00,Rachel Bloom,nm3417385,6
The Devil Wears Prada 2,tt33612209,2026-05-01 00:00:00,Justin Theroux,nm0857620,7
The Devil Wears Prada 2,tt33612209,2026-05-01 00:00:00,Anne Hathaway,nm0004266,8
The Devil Wears Prada 2,tt33612209,2026-05-01 00:00:00,Sydney Sweeney,nm2858875,9
The Devil Wears Prada 2,tt33612209,2026-05-01 00:00:00,Patrick Brammall,nm1669772,10
The Devil Wears Prada 2,tt33612209,2026-05-01 00:00:00,Emily Blunt,nm1289434,11
The Devil Wears Prada 2,tt33612209,2026-05-01 00:00:00,B.J. Novak,nm1145983,12
The Devil Wears Prada 2,tt33612209,2026-05-01 00:00:00,Pauline Chalamet,nm6955492,13
The Devil Wears Prada 2,tt33612209,2026-05-01 00:00:00,Lady Gaga,nm3078932,14
The Devil Wears Prada 2,tt33612209,2026-05-01 00:00:00,Simone Ashley,nm7592760,15
Reminders of Him,tt33714084,2026-03-13 00:00:00,Lauren Graham,nm0334179,1
Reminders of Him,tt33714084,2026-03-13 00:00:00,Bradley Whitford,nm0925966,2
Reminders of Him,tt33714084,2026-03-13 00:00:00,Maika Monroe,nm2140860,3
Reminders of Him,tt33714084,2026-03-13 00:00:00,Tyriq Withers,nm10635159,4
Reminders of Him,tt33714084,2026-03-13 00:00:00,Jennifer Robertson,nm0731897,5
Reminders of Him,tt33714084,2026-03-13 00:00:00,Lainey Wilson,nm12510840,6
Reminders of Him,tt33714084,2026-03-13 00:00:00,Rudy Pankow,nm8837339,7
Reminders of Him,tt33714084,2026-03-13 00:00:00,Hilary Jardine,nm3614878,8
Reminders of Him,tt33714084,2026-03-13 00:00:00,Nicholas Duvernay,nm6721226,9
Reminders of Him,tt33714084,2026-03-13 00:00:00,Jillian Walchuck,nm2198582,10
Reminders of Him,tt33714084,2026-03-13 00:00:00,Rick Koy,nm12849279,11
Reminders of Him,tt33714084,2026-03-13 00:00:00,Zoe Kosovic,nm16163382,12
Reminders of Him,tt33714084,2026-03-13 00:00:00,Anne Hawthorne,nm1220886,13
Reminders of Him,tt33714084,2026-03-13 00:00:00,Skye MacDonald,nm15560881,14
Reminders of Him,tt33714084,2026-03-13 00:00:00,Monika Myers,nm17495208,15
Vie privée,tt33852162,2026-01-16 00:00:00,Jodie Foster,nm0000149,1
Vie privée,tt33852162,2026-01-16 00:00:00,Daniel Auteuil,nm0000809,2
Vie privée,tt33852162,2026-01-16 00:00:00,Virginie Efira,nm1812637,3
Vie privée,tt33852162,2026-01-16 00:00:00,Mathieu Amalric,nm0023832,4
Vie privée,tt33852162,2026-01-16 00:00:00,Vincent Lacoste,nm3228320,5
Vie privée,tt33852162,2026-01-16 00:00:00,Luàna Bajrami,nm4714676,6
Vie privée,tt33852162,2026-01-16 00:00:00,Noam Morgensztern,nm0605182,7
Vie privée,tt33852162,2026-01-16 00:00:00,Sophie Guillemin,nm0347069,8
Vie privée,tt33852162,2026-01-16 00:00:00,Frederick Wiseman,nm0936464,9
Vie privée,tt33852162,2026-01-16 00:00:00,Aurore Clément,nm0167467,10
Vie privée,tt33852162,2026-01-16 00:00:00,Irène Jacob,nm0001393,11
Vie privée,tt33852162,2026-01-16 00:00:00,Park Ji-min,nm13973657,12
Vie privée,tt33852162,2026-01-16 00:00:00,Jean Chevalier,nm7593798,13
Vie privée,tt33852162,2026-01-16 00:00:00,Emma Ravier,nm16904879,14
Vie privée,tt33852162,2026-01-16 00:00:00,Scott Agnesi Delpapierre,nm17333826,15
Ready or Not 2: Here I Come,tt33978029,2026-04-10 00:00:00,Samara Weaving,nm3034977,1
Ready or Not 2: Here I Come,tt33978029,2026-04-10 00:00:00,Elijah Wood,nm0000704,2
Ready or Not 2: Here I Come,tt33978029,2026-04-10 00:00:00,Shawn Hatosy,nm0004999,3
Ready or Not 2: Here I Come,tt33978029,2026-04-10 00:00:00,Sarah Michelle Gellar,nm0001264,4
Ready or Not 2: Here I Come,tt33978029,2026-04-10 00:00:00,Kevin Durand,nm0243806,5
Ready or Not 2: Here I Come,tt33978029,2026-04-10 00:00:00,Kathryn Newton,nm1105980,6
Ready or Not 2: Here I Come,tt33978029,2026-04-10 00:00:00,David Cronenberg,nm0000343,7
Ready or Not 2: Here I Come,tt33978029,2026-04-10 00:00:00,Nestor Carbonell,nm0004801,8
Ready or Not 2: Here I Come,tt33978029,2026-04-10 00:00:00,Maia Jae,nm1341876,9
Ready or Not 2: Here I Come,tt33978029,2026-04-10 00:00:00,Olivia Cheng,nm2138746,10
Ready or Not 2: Here I Come,tt33978029,2026-04-10 00:00:00,Dan Beirne,nm1222461,11
Ready or Not 2: Here I Come,tt33978029,2026-04-10 00:00:00,Varun Saranga,nm3532853,12
Ready or Not 2: Here I Come,tt33978029,2026-04-10 00:00:00,Emily Stranges,nm3257612,13
Ready or Not 2: Here I Come,tt33978029,2026-04-10 00:00:00,Masa Lizdek,nm5765981,14
Ready or Not 2: Here I Come,tt33978029,2026-04-10 00:00:00,Dave Rose,nm9738090,15
Sprunki: The Movie,tt33995693,2026-01-16 00:00:00,Alexander Sandoval Tapia,nm14796748,1
Sprunki: The Movie,tt33995693,2026-01-16 00:00:00,'Rebecca' D. Hernández Maya,nm17235261,2
Sprunki: The Movie,tt33995693,2026-01-16 00:00:00,Smokey the Cat,nm10224466,3
Sprunki: The Movie,tt33995693,2026-01-16 00:00:00,DoniChanVA,nm17168493,4
Sprunki: The Movie,tt33995693,2026-01-16 00:00:00,SwissNoodle,nm17168494,5
Sprunki: The Movie,tt33995693,2026-01-16 00:00:00,Binter,nm17168491,6
Sprunki: The Movie,tt33995693,2026-01-16 00:00:00,Endermate,nm17168486,7
Sprunki: The Movie,tt33995693,2026-01-16 00:00:00,Gustavo Lima R.,nm17168495,8
Sprunki: The Movie,tt33995693,2026-01-16 00:00:00,Jonás Gómez,nm7099240,9
Sprunki: The Movie,tt33995693,2026-01-16 00:00:00,KingdomOfMirrors,nm17168490,10
Sprunki: The Movie,tt33995693,2026-01-16 00:00:00,ClarkeBC,nm17168496,11
Sprunki: The Movie,tt33995693,2026-01-16 00:00:00,Suffo,nm17168497,12
Sprunki: The Movie,tt33995693,2026-01-16 00:00:00,Dillguy,nm17168487,13
Sprunki: The Movie,tt33995693,2026-01-16 00:00:00,Yellofarion,nm17168488,14
Sprunki: The Movie,tt33995693,2026-01-16 00:00:00,Kennedy Smith,nm17300230,15
The Breadwinner,tt34459219,2026-03-13 00:00:00,Nate Bargatze,nm2567088,1
The Breadwinner,tt34459219,2026-03-13 00:00:00,Will Forte,nm0287182,2
The Breadwinner,tt34459219,2026-03-13 00:00:00,Charlene Amoia,nm1006439,3
The Breadwinner,tt34459219,2026-03-13 00:00:00,Kumail Nanjiani,nm3529685,4
The Breadwinner,tt34459219,2026-03-13 00:00:00,Kate Berlant,nm2547958,5
The Breadwinner,tt34459219,2026-03-13 00:00:00,Mandy Moore,nm0601553,6
The Breadwinner,tt34459219,2026-03-13 00:00:00,Zach Cherry,nm7100086,7
The Breadwinner,tt34459219,2026-03-13 00:00:00,Marvin E. West,nm1218295,8
The Breadwinner,tt34459219,2026-03-13 00:00:00,Danielle Gross,nm4594868,9
The Breadwinner,tt34459219,2026-03-13 00:00:00,Charity Cervantes,nm6082748,10
The Breadwinner,tt34459219,2026-03-13 00:00:00,Martin Herlihy,nm11958939,11
The Breadwinner,tt34459219,2026-03-13 00:00:00,Charlotte Ann Tucker,nm12872957,12
The Breadwinner,tt34459219,2026-03-13 00:00:00,Colin Jost,nm1906042,13
The Breadwinner,tt34459219,2026-03-13 00:00:00,Stella Grace Fitzgerald,nm12470476,14
The Breadwinner,tt34459219,2026-03-13 00:00:00,Birdie Borria,nm12257385,15
I Can Only Imagine 2,tt34888646,2026-02-20 00:00:00,Arielle Kebbel,nm0444223,1
I Can Only Imagine 2,tt34888646,2026-02-20 00:00:00,Dennis Quaid,nm0000598,2
I Can Only Imagine 2,tt34888646,2026-02-20 00:00:00,Milo Ventimiglia,nm0893257,3
I Can Only Imagine 2,tt34888646,2026-02-20 00:00:00,Sophie Skelton,nm5310225,4
I Can Only Imagine 2,tt34888646,2026-02-20 00:00:00,Trace Adkins,nm0012081,5
I Can Only Imagine 2,tt34888646,2026-02-20 00:00:00,Jason Burkey,nm3600327,6
I Can Only Imagine 2,tt34888646,2026-02-20 00:00:00,Anjelah Johnson-Reyes,nm2269297,7
I Can Only Imagine 2,tt34888646,2026-02-20 00:00:00,Joshua Bassett,nm7481311,8
I Can Only Imagine 2,tt34888646,2026-02-20 00:00:00,Jobie James,nm13169955,9
I Can Only Imagine 2,tt34888646,2026-02-20 00:00:00,John Michael Finley,nm8722479,10
I Can Only Imagine 2,tt34888646,2026-02-20 00:00:00,Abby Glover,nm7696998,11
I Can Only Imagine 2,tt34888646,2026-02-20 00:00:00,Sammy Dell,nm12265087,12
I Can Only Imagine 2,tt34888646,2026-02-20 00:00:00,Del Sable,nm17233107,13
I Can Only Imagine 2,tt34888646,2026-02-20 00:00:00,James Shaw III,nm17255369,14
I Can Only Imagine 2,tt34888646,2026-02-20 00:00:00,Precious Johnson,nm6325213,15
Hateshinaki Sukâretto,tt35114460,2026-02-06 00:00:00,Mana Ashida,nm3870544,1
Hateshinaki Sukâretto,tt35114460,2026-02-06 00:00:00,Masaki Okada,nm2347861,2
Hateshinaki Sukâretto,tt35114460,2026-02-06 00:00:00,Masachika Ichimura,nm0406754,3
Hateshinaki Sukâretto,tt35114460,2026-02-06 00:00:00,Kôji Yakusho,nm0945131,4
Hateshinaki Sukâretto,tt35114460,2026-02-06 00:00:00,Yuki Saitô,nm0756877,5
Hateshinaki Sukâretto,tt35114460,2026-02-06 00:00:00,Yutaka Matsushige,nm0559647,6
Hateshinaki Sukâretto,tt35114460,2026-02-06 00:00:00,Kôtarô Yoshida,nm7139946,7
Hateshinaki Sukâretto,tt35114460,2026-02-06 00:00:00,Munetaka Aoki,nm1328568,8
Hateshinaki Sukâretto,tt35114460,2026-02-06 00:00:00,Kazuhiro Yamaji,nm0945377,9
Hateshinaki Sukâretto,tt35114460,2026-02-06 00:00:00,Shôta Sometani,nm2202409,10
Hateshinaki Sukâretto,tt35114460,2026-02-06 00:00:00,Tokio Emoto,nm2320634,11
Hateshinaki Sukâretto,tt35114460,2026-02-06 00:00:00,Kayoko Shiraishi,nm0794189,12
Hateshinaki Sukâretto,tt35114460,2026-02-06 00:00:00,Noa Shiroyama,nm15338271,13
Hateshinaki Sukâretto,tt35114460,2026-02-06 00:00:00,Michio Hazama,nm0371874,14
Hateshinaki Sukâretto,tt35114460,2026-02-06 00:00:00,Mamoru Miyano,nm1465001,15
VHS Summer Camp,tt35131160,2026-01-22 00:00:00,Drake Clowes,nm14271649,1
VHS Summer Camp,tt35131160,2026-01-22 00:00:00,Alexis Baca,nm12913807,2
VHS Summer Camp,tt35131160,2026-01-22 00:00:00,Kevin Kedgley,nm10198491,3
VHS Summer Camp,tt35131160,2026-01-22 00:00:00,Grace Schnitzius,nm11754881,4
VHS Summer Camp,tt35131160,2026-01-22 00:00:00,Lonnie Jackson,nm14347790,5
VHS Summer Camp,tt35131160,2026-01-22 00:00:00,Shawn Alexander Thompson,nm12233635,6
VHS Summer Camp,tt35131160,2026-01-22 00:00:00,Nick Lepak,nm17574164,7
VHS Summer Camp,tt35131160,2026-01-22 00:00:00,Raymond Sostre,nm14961350,8
VHS Summer Camp,tt35131160,2026-01-22 00:00:00,Derrick Clowes,nm12713263,9
VHS Summer Camp,tt35131160,2026-01-22 00:00:00,Alexa Comeau,nm15147201,10
VHS Summer Camp,tt35131160,2026-01-22 00:00:00,Juliana Parris,nm11559382,11
VHS Summer Camp,tt35131160,2026-01-22 00:00:00,Amanda Gazy,nm10109272,12
VHS Summer Camp,tt35131160,2026-01-22 00:00:00,Max Caden,nm14194485,13
VHS Summer Camp,tt35131160,2026-01-22 00:00:00,Harrison Beeson,nm14628727,14
VHS Summer Camp,tt35131160,2026-01-22 00:00:00,Mackenzie Adamek,nm15779691,15
The Moment,tt35524793,2026-01-30 00:00:00,Alexander Skarsgård,nm0002907,1
The Moment,tt35524793,2026-01-30 00:00:00,Rachel Sennott,nm6976735,2
The Moment,tt35524793,2026-01-30 00:00:00,Rosanna Arquette,nm0000275,3
The Moment,tt35524793,2026-01-30 00:00:00,Kylie Jenner,nm2832473,4
The Moment,tt35524793,2026-01-30 00:00:00,Jamie Demetriou,nm5857152,5
The Moment,tt35524793,2026-01-30 00:00:00,Kate Berlant,nm2547958,6
The Moment,tt35524793,2026-01-30 00:00:00,Charli XCX,nm6424616,7
The Moment,tt35524793,2026-01-30 00:00:00,Hailey Gates,nm3687486,8
The Moment,tt35524793,2026-01-30 00:00:00,Arielle Dombasle,nm0231319,9
The Moment,tt35524793,2026-01-30 00:00:00,Rish Shah,nm9169920,10
The Moment,tt35524793,2026-01-30 00:00:00,Isaac Powell,nm7060126,11
The Moment,tt35524793,2026-01-30 00:00:00,Michael Workeye,nm10862576,12
The Moment,tt35524793,2026-01-30 00:00:00,Trew Mullen,nm7464789,13
The Moment,tt35524793,2026-01-30 00:00:00,Sarah Beck Mather,nm2440329,14
The Moment,tt35524793,2026-01-30 00:00:00,Riana Duce,nm5198386,15
Hokum,tt35672862,2026-05-01 00:00:00,Adam Scott,nm0004395,1
Hokum,tt35672862,2026-05-01 00:00:00,David Wilmot,nm0932837,2
Hokum,tt35672862,2026-05-01 00:00:00,Austin Amelio,nm3994184,3
Hokum,tt35672862,2026-05-01 00:00:00,Florence Ordesh,nm3932437,4
Hokum,tt35672862,2026-05-01 00:00:00,Peter Coonan,nm0177742,5
Hokum,tt35672862,2026-05-01 00:00:00,Michael Patric,nm2789088,6
Hokum,tt35672862,2026-05-01 00:00:00,Will O'Connell,nm3727276,7
Hokum,tt35672862,2026-05-01 00:00:00,Sioux Carroll,nm17908442,8
Hokum,tt35672862,2026-05-01 00:00:00,Brendan Conroy,nm0175796,9
Hokum,tt35672862,2026-05-01 00:00:00,Ezra Carlisle,nm14053572,10
Hokum,tt35672862,2026-05-01 00:00:00,Mallory Adams,nm3641402,11
Hokum,tt35672862,2026-05-01 00:00:00,Siox C,nm17634921,12
The Confession,tt35838700,2026-01-16 00:00:00,Scott Mechlowicz,nm1310709,1
The Confession,tt35838700,2026-01-16 00:00:00,Terence Rosemore,nm0741893,2
The Confession,tt35838700,2026-01-16 00:00:00,Vince Eisenson,nm5209540,3
The Confession,tt35838700,2026-01-16 00:00:00,Jay DeVon Johnson,nm2976886,4
The Confession,tt35838700,2026-01-16 00:00:00,Allie McCulloch,nm1090591,5
The Confession,tt35838700,2026-01-16 00:00:00,Ron Fallica,nm1707913,6
The Confession,tt35838700,2026-01-16 00:00:00,Troy Rudeseal,nm1490451,7
The Confession,tt35838700,2026-01-16 00:00:00,Justin Matthew Smith,nm1131775,8
The Confession,tt35838700,2026-01-16 00:00:00,Italia Ricci,nm2680758,9
The Confession,tt35838700,2026-01-16 00:00:00,Keeley Kollmann,nm10990361,10
The Confession,tt35838700,2026-01-16 00:00:00,Zachary Golinger,nm10676334,11
The Confession,tt35838700,2026-01-16 00:00:00,Fleming Moore,nm11438083,12
The Confession,tt35838700,2026-01-16 00:00:00,Craig Kolkebeck,nm1796362,13
Undertone,tt35892608,2026-03-13 00:00:00,Nina Kiri,nm4767728,1
Undertone,tt35892608,2026-03-13 00:00:00,Kris Holden-Ried,nm0390285,2
Undertone,tt35892608,2026-03-13 00:00:00,Michèle Duquet,nm0243630,3
Undertone,tt35892608,2026-03-13 00:00:00,Brian Quintero,nm5250031,4
Undertone,tt35892608,2026-03-13 00:00:00,Adam DiMarco,nm4348240,5
Undertone,tt35892608,2026-03-13 00:00:00,Jeff Yung,nm3449987,6
Undertone,tt35892608,2026-03-13 00:00:00,Ryan Turner,nm2829844,7
Undertone,tt35892608,2026-03-13 00:00:00,Keana Lyn Bastidas,nm1341875,8
Undertone,tt35892608,2026-03-13 00:00:00,Sarah Beaudin,nm6082230,9
Undertone,tt35892608,2026-03-13 00:00:00,Christina Notto,nm3216867,10
Big Daddy 3,tt36122764,2026-05-01 00:00:00,Anthony Cates,nm17103461,1
Big Daddy 3,tt36122764,2026-05-01 00:00:00,Elias Elsner,nm14782792,2
Big Daddy 3,tt36122764,2026-05-01 00:00:00,Hieronymus Fontaine,nm17103764,3
Big Daddy 3,tt36122764,2026-05-01 00:00:00,Nick Harpring,nm17103463,4
Big Daddy 3,tt36122764,2026-05-01 00:00:00,Blaine Maxwell,nm14780891,5
Big Daddy 3,tt36122764,2026-05-01 00:00:00,Evan Miller,nm17126561,6
Big Daddy 3,tt36122764,2026-05-01 00:00:00,Emily Ogrentz,nm17103796,7
Big Daddy 3,tt36122764,2026-05-01 00:00:00,Aidan Wolfe,nm17103724,8
Ôru Yû Nîdo Izu Kiru,tt36148135,2026-01-16 00:00:00,Ai Mikami,nm12004747,1
Ôru Yû Nîdo Izu Kiru,tt36148135,2026-01-16 00:00:00,Natsuki Hanae,nm5137121,2
Ôru Yû Nîdo Izu Kiru,tt36148135,2026-01-16 00:00:00,Kana Hanazawa,nm2573928,3
Ôru Yû Nîdo Izu Kiru,tt36148135,2026-01-16 00:00:00,Hiccorohee,nm13520267,4
Ôru Yû Nîdo Izu Kiru,tt36148135,2026-01-16 00:00:00,Mô Chûgakusei,nm3530022,5
"You, Me & Tuscany",tt36352591,2026-04-10 00:00:00,Regé-Jean Page,nm2074546,1
"You, Me & Tuscany",tt36352591,2026-04-10 00:00:00,Halle Bailey,nm1782991,2
"You, Me & Tuscany",tt36352591,2026-04-10 00:00:00,Marco Calvani,nm2862123,3
"You, Me & Tuscany",tt36352591,2026-04-10 00:00:00,Lorenzo de Moor,nm6716083,4
"You, Me & Tuscany",tt36352591,2026-04-10 00:00:00,Stefania Casini,nm0143743,5
"You, Me & Tuscany",tt36352591,2026-04-10 00:00:00,Isabella Ferrari,nm0274088,6
"You, Me & Tuscany",tt36352591,2026-04-10 00:00:00,Aziza Scott,nm7850915,7
"You, Me & Tuscany",tt36352591,2026-04-10 00:00:00,Desirèe Pöpper,nm6330077,8
"You, Me & Tuscany",tt36352591,2026-04-10 00:00:00,Paolo Sassanelli,nm0765924,9
"You, Me & Tuscany",tt36352591,2026-04-10 00:00:00,Stella Pecollo,nm4836245,10
"You, Me & Tuscany",tt36352591,2026-04-10 00:00:00,Tommaso Cassissa,nm14032790,11
"You, Me & Tuscany",tt36352591,2026-04-10 00:00:00,Emanuele Pacca,nm12107212,12
"You, Me & Tuscany",tt36352591,2026-04-10 00:00:00,Giulia Agosta,nm14011663,13
Mamlaket al-qasab,tt36580119,2026-02-27 00:00:00,Baneen Ahmad Nayyef,nm17253979,1
Mamlaket al-qasab,tt36580119,2026-02-27 00:00:00,Waheed Thabet Khreibat,nm17253981,2
Mamlaket al-qasab,tt36580119,2026-02-27 00:00:00,Sajad Mohamad Qasem,nm17253980,3
Mamlaket al-qasab,tt36580119,2026-02-27 00:00:00,Muthanna Malaghi,nm17368629,4
Mamlaket al-qasab,tt36580119,2026-02-27 00:00:00,Ahmad Qasem Saywan,nm17368635,5
Mamlaket al-qasab,tt36580119,2026-02-27 00:00:00,Maytham Mreidi,nm17368631,6
Mamlaket al-qasab,tt36580119,2026-02-27 00:00:00,Rahim AlHaj,nm9286783,7
Mamlaket al-qasab,tt36580119,2026-02-27 00:00:00,Thaer Salem,nm17368622,8
Mamlaket al-qasab,tt36580119,2026-02-27 00:00:00,Ali Khalaf,nm17368639,9
Mamlaket al-qasab,tt36580119,2026-02-27 00:00:00,Fatima Abouharoon,nm17368630,10
Mamlaket al-qasab,tt36580119,2026-02-27 00:00:00,Mahmoud Mazen Lazen,nm17368619,11
Mamlaket al-qasab,tt36580119,2026-02-27 00:00:00,Aqeel Wadi,nm17368640,12
Mamlaket al-qasab,tt36580119,2026-02-27 00:00:00,Mohammed Rheimeh,nm17368623,13
Mamlaket al-qasab,tt36580119,2026-02-27 00:00:00,Rokia Alwadi,nm17368632,14
Mamlaket al-qasab,tt36580119,2026-02-27 00:00:00,Ali Saddam Najem,nm17368624,15
Ken,tt36667493,2026-04-03 00:00:00,Ariel Bronz,nm6187769,1
Ken,tt36667493,2026-04-03 00:00:00,Efrat Dor,nm3575889,2
Ken,tt36667493,2026-04-03 00:00:00,Naama Preis,nm6395451,3
Ken,tt36667493,2026-04-03 00:00:00,Aleksey Serebryakov,nm0148516,4
Ken,tt36667493,2026-04-03 00:00:00,Sharon Alexander,nm0018745,5
Ken,tt36667493,2026-04-03 00:00:00,Pablo Pillaud-Vivien,nm9369758,6
Ken,tt36667493,2026-04-03 00:00:00,Idit Teperson,nm0853880,7
Ken,tt36667493,2026-04-03 00:00:00,Meir Fenigstein,nm0271845,8
Ken,tt36667493,2026-04-03 00:00:00,Amit Narovliansky,nm17724537,9
Ken,tt36667493,2026-04-03 00:00:00,Ellie Ohana,nm17724534,10
Ken,tt36667493,2026-04-03 00:00:00,Joy Ohana,nm17724529,11
Ken,tt36667493,2026-04-03 00:00:00,Noah Lapid Preis,nm12713485,12
Ken,tt36667493,2026-04-03 00:00:00,Asaf Jonas,nm12755715,13
Ken,tt36667493,2026-04-03 00:00:00,Shira Shaish,nm17330064,14
Ken,tt36667493,2026-04-03 00:00:00,Daria Gilat Brenner,nm17724527,15
Il falsario,tt36741457,2026-01-23 00:00:00,Andrea Arcangeli,nm5585519,1
Il falsario,tt36741457,2026-01-23 00:00:00,Mauro Aversano,nm2637242,2
Il falsario,tt36741457,2026-01-23 00:00:00,Pietro Castellitto,nm3661207,3
Il falsario,tt36741457,2026-01-23 00:00:00,Pierluigi Gigante,nm10827171,4
Il falsario,tt36741457,2026-01-23 00:00:00,Aurora Giovinazzo,nm4429734,5
Il falsario,tt36741457,2026-01-23 00:00:00,Francesco La Mantia,nm3820368,6
Il falsario,tt36741457,2026-01-23 00:00:00,Giulia Michelini,nm1323665,7
Il falsario,tt36741457,2026-01-23 00:00:00,Edoardo Pesce,nm3034455,8
Il falsario,tt36741457,2026-01-23 00:00:00,Claudio Santamaria,nm0763216,9
Il falsario,tt36741457,2026-01-23 00:00:00,Michael Schermi,nm2779264,10
Il falsario,tt36741457,2026-01-23 00:00:00,Carlo Tozzi,nm5537427,11
Woman to Woman,tt36817730,2026-03-13 00:00:00,Tonja Brown,nm10771694,1
Woman to Woman,tt36817730,2026-03-13 00:00:00,Krystal Monique,nm13662602,2
Woman to Woman,tt36817730,2026-03-13 00:00:00,Chelsie Sutherland,nm11124809,3
Woman to Woman,tt36817730,2026-03-13 00:00:00,Sydni Janeé,nm15322472,4
Woman to Woman,tt36817730,2026-03-13 00:00:00,Quentin Sharpe,nm12142438,5
Woman to Woman,tt36817730,2026-03-13 00:00:00,Nadia Calhoun,nm12872217,6
Woman to Woman,tt36817730,2026-03-13 00:00:00,DaVonta Nathan-Miller,nm15808101,7
Woman to Woman,tt36817730,2026-03-13 00:00:00,Michael Davis,nm15186552,8
Woman to Woman,tt36817730,2026-03-13 00:00:00,Kayla Von,nm12875776,9
Woman to Woman,tt36817730,2026-03-13 00:00:00,Frank White,nm12905212,10
Woman to Woman,tt36817730,2026-03-13 00:00:00,Helki Jackson,nm17272910,11
Woman to Woman,tt36817730,2026-03-13 00:00:00,Alicia White,nm15397541,12
Woman to Woman,tt36817730,2026-03-13 00:00:00,Jasmine Jones,nm17272909,13
Woman to Woman,tt36817730,2026-03-13 00:00:00,Russell Norcross,nm9796843,14
Woman to Woman,tt36817730,2026-03-13 00:00:00,Chaquita Dudley,nm13603129,15
The Conspiracists,tt36967910,2026-01-09 00:00:00,Terrie Lynne,nm10683087,1
The Conspiracists,tt36967910,2026-01-09 00:00:00,Christopher Murray,nm4521515,2
The Conspiracists,tt36967910,2026-01-09 00:00:00,Carly Otte,nm6271958,3
The Conspiracists,tt36967910,2026-01-09 00:00:00,Valarie Perez-Schere,nm6112328,4
The Conspiracists,tt36967910,2026-01-09 00:00:00,Brian Ray,nm5426124,5
The Conspiracists,tt36967910,2026-01-09 00:00:00,Matt Steiner,nm5256407,6
The Conspiracists,tt36967910,2026-01-09 00:00:00,Scarlett Redmond,nm3381988,7
The Conspiracists,tt36967910,2026-01-09 00:00:00,John Jezior,nm1888976,8
The Conspiracists,tt36967910,2026-01-09 00:00:00,Noah Berry,nm17311977,9
The Conspiracists,tt36967910,2026-01-09 00:00:00,Nikki Mirza,nm17311975,10
The Conspiracists,tt36967910,2026-01-09 00:00:00,Guy Wellman,nm3805900,11
The Conspiracists,tt36967910,2026-01-09 00:00:00,Connor James Reilly,nm16802985,12
The Conspiracists,tt36967910,2026-01-09 00:00:00,Michael Perrie Jr.,nm4077695,13
Teenage Mutant Ninja Turtles: Echoes of the ooze,tt37312835,2026-02-20 00:00:00,Darren Cole,nm17227519,1
Teenage Mutant Ninja Turtles: Echoes of the ooze,tt37312835,2026-02-20 00:00:00,Aaron Blake,nm17227726,2
Teenage Mutant Ninja Turtles: Echoes of the ooze,tt37312835,2026-02-20 00:00:00,Julian Mercer,nm17227523,3
Teenage Mutant Ninja Turtles: Echoes of the ooze,tt37312835,2026-02-20 00:00:00,Marcus Langford,nm17227521,4
Relevant Evil,tt37544031,2026-02-13 00:00:00,Bella Martinez,nm16748058,1
Relevant Evil,tt37544031,2026-02-13 00:00:00,Leonardo Pulido,nm16748057,2
Relevant Evil,tt37544031,2026-02-13 00:00:00,Valery Cisneros,nm16748059,3
Relevant Evil,tt37544031,2026-02-13 00:00:00,Alondra Frias,nm17483661,4
Relevant Evil,tt37544031,2026-02-13 00:00:00,Charlie Holmes,nm17559267,5
Relevant Evil,tt37544031,2026-02-13 00:00:00,Miranda Molina,nm17483660,6
Relevant Evil,tt37544031,2026-02-13 00:00:00,Evelia Ramirez,nm17483662,7
Relevant Evil,tt37544031,2026-02-13 00:00:00,Salome Pulido,nm17483659,8
Relevant Evil,tt37544031,2026-02-13 00:00:00,Amelia Davis,nm17483663,9
Broken,tt37969114,2026-01-15 00:00:00,Hayley Johnson,nm17086216,1
Broken,tt37969114,2026-01-15 00:00:00,Basia Maczka,nm5196823,2
Broken,tt37969114,2026-01-15 00:00:00,Stephanie Ayala,nm14019203,3
Broken,tt37969114,2026-01-15 00:00:00,Mario Beverly,nm9125775,4
Broken,tt37969114,2026-01-15 00:00:00,Heather Bayles,nm14807868,5
Broken,tt37969114,2026-01-15 00:00:00,Nate Taylor,nm7194508,6
Broken,tt37969114,2026-01-15 00:00:00,Ricky Quintana,nm16665630,7
Broken,tt37969114,2026-01-15 00:00:00,Marshare Polk,nm9451858,8
Broken,tt37969114,2026-01-15 00:00:00,Katarina Alaupovic,nm17613629,9
Broken,tt37969114,2026-01-15 00:00:00,Amanda Zuhse,nm13112306,10
Broken,tt37969114,2026-01-15 00:00:00,Laura Allen,nm8318837,11
Broken,tt37969114,2026-01-15 00:00:00,Jarrett Blandin,nm9681739,12
Broken,tt37969114,2026-01-15 00:00:00,Solomon Paulk,nm12483140,13
Broken,tt37969114,2026-01-15 00:00:00,Faith Richardson,nm16788574,14
Broken,tt37969114,2026-01-15 00:00:00,Erica McNary,nm14046880,15
The Super Mario Galaxy Movie,tt38268408,2026-04-03 00:00:00,Jack Black,nm0085312,1
The Super Mario Galaxy Movie,tt38268408,2026-04-03 00:00:00,Anya Taylor-Joy,nm5896355,2
The Super Mario Galaxy Movie,tt38268408,2026-04-03 00:00:00,Chris Pratt,nm0695435,3
The Super Mario Galaxy Movie,tt38268408,2026-04-03 00:00:00,Keegan-Michael Key,nm1221047,4
The Super Mario Galaxy Movie,tt38268408,2026-04-03 00:00:00,Charlie Day,nm0206359,5
The Super Mario Galaxy Movie,tt38268408,2026-04-03 00:00:00,Kevin Michael Richardson,nm0724656,6
DJ Gabe: The Movie,tt38565044,2026-04-03 00:00:00,Ben Atkin,nm17732590,1
DJ Gabe: The Movie,tt38565044,2026-04-03 00:00:00,Darien Dybowski,nm17732587,2
DJ Gabe: The Movie,tt38565044,2026-04-03 00:00:00,Max Finnie,nm17732584,3
DJ Gabe: The Movie,tt38565044,2026-04-03 00:00:00,Tyrell Holden,nm17732594,4
DJ Gabe: The Movie,tt38565044,2026-04-03 00:00:00,Aaron Hubbard,nm17732593,5
DJ Gabe: The Movie,tt38565044,2026-04-03 00:00:00,Atlas Hubbard,nm15206408,6
DJ Gabe: The Movie,tt38565044,2026-04-03 00:00:00,Shannon Hubbard,nm17732585,7
DJ Gabe: The Movie,tt38565044,2026-04-03 00:00:00,Braelynn Rynearson,nm17732592,8
DJ Gabe: The Movie,tt38565044,2026-04-03 00:00:00,Braxton Rynearson,nm17732583,9
DJ Gabe: The Movie,tt38565044,2026-04-03 00:00:00,Hadleigh Rynearson,nm17732591,10
DJ Gabe: The Movie,tt38565044,2026-04-03 00:00:00,Kaleb Scheid,nm17732595,11
DJ Gabe: The Movie,tt38565044,2026-04-03 00:00:00,Bella Stone,nm17732588,12
DJ Gabe: The Movie,tt38565044,2026-04-03 00:00:00,Brandon Stone,nm17732586,13
DJ Gabe: The Movie,tt38565044,2026-04-03 00:00:00,Gabriel Winters,nm15206409,14
DJ Gabe: The Movie,tt38565044,2026-04-03 00:00:00,Sam Winters,nm17732589,15
Machiavelli Story of yum66,tt38584143,2026-04-03 00:00:00,Hugo Hodge,nm15238977,1
Six String Sky,tt38625188,2026-02-20 00:00:00,Max Staines,nm17755973,1
Six String Sky,tt38625188,2026-02-20 00:00:00,Sadie Padiath,nm17755971,2
Six String Sky,tt38625188,2026-02-20 00:00:00,Eric Fiedler,nm17884142,3
Six String Sky,tt38625188,2026-02-20 00:00:00,Dave Staines,nm17884141,4
Six String Sky,tt38625188,2026-02-20 00:00:00,Evan Brubacher,nm17923781,5
Six String Sky,tt38625188,2026-02-20 00:00:00,Jordan Wilson,nm17755972,6
Insulation,tt38854597,2026-01-15 00:00:00,Arturo Lalaina,nm17852702,1
Insulation,tt38854597,2026-01-15 00:00:00,Andy Sumo,nm17852700,2
Insulation,tt38854597,2026-01-15 00:00:00,Rene Fulgence Tovondrainy,nm13755285,3
Insulation,tt38854597,2026-01-15 00:00:00,Arken Wheeler,nm15273668,4
Insulation,tt38854597,2026-01-15 00:00:00,Lauryelle Wheeler,nm17852701,5
Sudden Light,tt38973788,2026-01-30 00:00:00,Chris Spinelli,nm0818885,1
Sudden Light,tt38973788,2026-01-30 00:00:00,Lisa London,nm0518739,2
Sudden Light,tt38973788,2026-01-30 00:00:00,Emiko Ishii,nm4316748,3
Sudden Light,tt38973788,2026-01-30 00:00:00,Barry Sattels,nm0433209,4
Sudden Light,tt38973788,2026-01-30 00:00:00,Dawna Lee Heising,nm3148014,5
Sudden Light,tt38973788,2026-01-30 00:00:00,Luca Luca Toumadi,nm10468887,6
Sudden Light,tt38973788,2026-01-30 00:00:00,Masashi Ishizuka,nm3942847,7
Sudden Light,tt38973788,2026-01-30 00:00:00,Bryan Brewer,nm0108122,8
Sudden Light,tt38973788,2026-01-30 00:00:00,Louis DeStefano,nm6221680,9
Sudden Light,tt38973788,2026-01-30 00:00:00,Saint Heart,nm5017177,10
Sudden Light,tt38973788,2026-01-30 00:00:00,Joycelyne Lew,nm0506706,11
Sudden Light,tt38973788,2026-01-30 00:00:00,Scott Hillman,nm3550484,12
Sudden Light,tt38973788,2026-01-30 00:00:00,Johnny Mask,nm0556438,13
Sudden Light,tt38973788,2026-01-30 00:00:00,Sofia Studenikina,nm17559722,14
Sudden Light,tt38973788,2026-01-30 00:00:00,Jay Hewlett,nm2578439,15
Dialing Death,tt39041929,2026-05-01 00:00:00,Les Best,nm5222815,1
Dialing Death,tt39041929,2026-05-01 00:00:00,Jaden Wesley Brown,nm14947890,2
Dialing Death,tt39041929,2026-05-01 00:00:00,Frederick Burns,nm17918651,3
Dialing Death,tt39041929,2026-05-01 00:00:00,Ardi Challenger,nm17918647,4
Dialing Death,tt39041929,2026-05-01 00:00:00,James Culp,nm17918648,5
Dialing Death,tt39041929,2026-05-01 00:00:00,Regan Etter,nm17918650,6
Dialing Death,tt39041929,2026-05-01 00:00:00,Chiara McCarty,nm4594573,7
Dialing Death,tt39041929,2026-05-01 00:00:00,Pierce Polomsky,nm16474878,8
Dialing Death,tt39041929,2026-05-01 00:00:00,Reagan Purrington,nm17918645,9
Dialing Death,tt39041929,2026-05-01 00:00:00,Glory Rodriguez,nm12117523,10
Dialing Death,tt39041929,2026-05-01 00:00:00,Cooper Smith,nm16606982,11
Twin,tt39094274,2026-01-23 00:00:00,Drew Sidora,nm0796676,1
Twin,tt39094274,2026-01-23 00:00:00,Jensen Atwood,nm1654523,2
Twin,tt39094274,2026-01-23 00:00:00,Chrissy Stokes,nm4169986,3
Twin,tt39094274,2026-01-23 00:00:00,Ken Lawson,nm3691225,4
Twin,tt39094274,2026-01-23 00:00:00,Cynthia Moten,nm7392824,5
"Saucers, Spooks and Kooks",tt39095446,2026-01-22 00:00:00,Dan Carbone,nm3968644,1
The Laksman,tt39117217,2026-03-06 00:00:00,Chase Breithoff,nm16556830,1
The Laksman,tt39117217,2026-03-06 00:00:00,Kevin Toy,nm9942522,2
Unrequited,tt39132261,2026-02-20 00:00:00,Zulay Henao,nm1748489,1
Unrequited,tt39132261,2026-02-20 00:00:00,Brian White,nm0924552,2
Unrequited,tt39132261,2026-02-20 00:00:00,Cat Sackett,nm11738914,3
Unrequited,tt39132261,2026-02-20 00:00:00,Gallienne Nabila,nm17959840,4
Unrequited,tt39132261,2026-02-20 00:00:00,Loren Paul,nm2079299,5
Puzzled Literature,tt39176077,2026-04-02 00:00:00,Courtney Abbott,nm17594439,1
Puzzled Literature,tt39176077,2026-04-02 00:00:00,Kevin Baker,nm10461530,2
Puzzled Literature,tt39176077,2026-04-02 00:00:00,Everette Benton Jr.,nm17594440,3
Puzzled Literature,tt39176077,2026-04-02 00:00:00,Khaleel Hawkins,nm16344313,4
Puzzled Literature,tt39176077,2026-04-02 00:00:00,Ronnie Hudson II,nm11288707,5
Puzzled Literature,tt39176077,2026-04-02 00:00:00,Hunter Jones,nm16603499,6
Puzzled Literature,tt39176077,2026-04-02 00:00:00,Bluu J King,nm9963005,7
Puzzled Literature,tt39176077,2026-04-02 00:00:00,Raheem Lavelle,nm17594383,8
Puzzled Literature,tt39176077,2026-04-02 00:00:00,Ashlee Lawhorn,nm13043953,9
Puzzled Literature,tt39176077,2026-04-02 00:00:00,Cheterra McCray,nm11747122,10
Puzzled Literature,tt39176077,2026-04-02 00:00:00,Crystal McGee,nm10819251,11
Puzzled Literature,tt39176077,2026-04-02 00:00:00,Robert Upton,nm7951669,12
Puzzled Literature,tt39176077,2026-04-02 00:00:00,Inglish Washington,nm16911130,13
Puzzled Literature,tt39176077,2026-04-02 00:00:00,Josephine Wells,nm14426907,14
How to Make a Killing,tt4357198,2026-02-20 00:00:00,Glen Powell,nm1412974,1
How to Make a Killing,tt4357198,2026-02-20 00:00:00,Margaret Qualley,nm4960279,2
How to Make a Killing,tt4357198,2026-02-20 00:00:00,Ed Harris,nm0000438,3
How to Make a Killing,tt4357198,2026-02-20 00:00:00,Andre Jacobs,nm0414325,4
How to Make a Killing,tt4357198,2026-02-20 00:00:00,Sean Cameron Michael,nm0584206,5
How to Make a Killing,tt4357198,2026-02-20 00:00:00,Bill Camp,nm0131966,6
How to Make a Killing,tt4357198,2026-02-20 00:00:00,Joe Vaz,nm1978748,7
How to Make a Killing,tt4357198,2026-02-20 00:00:00,Robert Hobbs,nm1193091,8
How to Make a Killing,tt4357198,2026-02-20 00:00:00,Topher Grace,nm0333410,9
How to Make a Killing,tt4357198,2026-02-20 00:00:00,Zach Woods,nm2046855,10
How to Make a Killing,tt4357198,2026-02-20 00:00:00,Stevel Marc,nm2987241,11
How to Make a Killing,tt4357198,2026-02-20 00:00:00,Jessica Henwick,nm3725055,12
How to Make a Killing,tt4357198,2026-02-20 00:00:00,James Frecheville,nm3306943,13
How to Make a Killing,tt4357198,2026-02-20 00:00:00,Gabe Gabriel,nm5520267,14
How to Make a Killing,tt4357198,2026-02-20 00:00:00,Bianca Amato,nm2721016,15
The Format,tt7584540,2026-05-01 00:00:00,Denny Castiglione,nm5821171,1
The Format,tt7584540,2026-05-01 00:00:00,Giovanni Castiglione,nm5875245,2
The Format,tt7584540,2026-05-01 00:00:00,Alex DeCourville,nm4217490,3
The Format,tt7584540,2026-05-01 00:00:00,John Fecek,nm6243560,4
The Format,tt7584540,2026-05-01 00:00:00,Logan Fry,nm2706291,5
The Format,tt7584540,2026-05-01 00:00:00,Cora Higgins,nm7337268,6
The Format,tt7584540,2026-05-01 00:00:00,Vimalraj Jayaseelan,nm5234119,7
The Format,tt7584540,2026-05-01 00:00:00,Crissy Kolarik,nm5257008,8
The Format,tt7584540,2026-05-01 00:00:00,Beverly Kristy,nm1708887,9
The Format,tt7584540,2026-05-01 00:00:00,Meghana Lynn,nm6206019,10
The Format,tt7584540,2026-05-01 00:00:00,John Maslowski,nm6646992,11
The Format,tt7584540,2026-05-01 00:00:00,Molly Miller,nm5276165,12
The Format,tt7584540,2026-05-01 00:00:00,Tim Novotny,nm5055564,13
The Format,tt7584540,2026-05-01 00:00:00,Deborah Ochwat,nm6457325,14
The Format,tt7584540,2026-05-01 00:00:00,Lynda Santa,nm5474416,15
Send Help,tt8036976,2026-01-30 00:00:00,Rachel McAdams,nm1046097,1
Send Help,tt8036976,2026-01-30 00:00:00,Dylan O'Brien,nm3729721,2
Send Help,tt8036976,2026-01-30 00:00:00,Bruce Campbell,nm0132257,3
Send Help,tt8036976,2026-01-30 00:00:00,Dennis Haysbert,nm0371660,4
Send Help,tt8036976,2026-01-30 00:00:00,Xavier Samuel,nm1882152,5
Send Help,tt8036976,2026-01-30 00:00:00,Chris Pang,nm3616779,6
Send Help,tt8036976,2026-01-30 00:00:00,Emma Raimi,nm2632521,7
Send Help,tt8036976,2026-01-30 00:00:00,Edyll Ismail,nm11590114,8
Send Help,tt8036976,2026-01-30 00:00:00,Thaneth Warakulnukroh,nm8649220,9
Send Help,tt8036976,2026-01-30 00:00:00,Brad Flett,nm13874494,10
Night Patrol,tt8637438,2026-01-16 00:00:00,Dermot Mulroney,nm0000551,1
Night Patrol,tt8637438,2026-01-16 00:00:00,Justin Long,nm0519043,2
Night Patrol,tt8637438,2026-01-16 00:00:00,Jermaine Fowler,nm1854664,3
Night Patrol,tt8637438,2026-01-16 00:00:00,CM Punk,nm1516006,4
Night Patrol,tt8637438,2026-01-16 00:00:00,RJ Cyler,nm5518972,5
Night Patrol,tt8637438,2026-01-16 00:00:00,Kim Yarbrough,nm3187683,6
Night Patrol,tt8637438,2026-01-16 00:00:00,Mike Ferguson,nm8279086,7
Night Patrol,tt8637438,2026-01-16 00:00:00,Nicki Micheaux,nm0584777,8
Night Patrol,tt8637438,2026-01-16 00:00:00,Evan Shafran,nm2818129,9
Night Patrol,tt8637438,2026-01-16 00:00:00,Flying Lotus,nm2196468,10
Night Patrol,tt8637438,2026-01-16 00:00:00,Freddie Gibbs,nm6248528,11
Night Patrol,tt8637438,2026-01-16 00:00:00,Zuri Reed,nm4130330,12
Night Patrol,tt8637438,2026-01-16 00:00:00,Colin Young,nm16588674,13
Night Patrol,tt8637438,2026-01-16 00:00:00,YG,nm4396539,14
Night Patrol,tt8637438,2026-01-16 00:00:00,Jon Oswald,nm4880405,15
The Chronology of Water,tt8667404,2026-01-09 00:00:00,Imogen Poots,nm1782299,1
The Chronology of Water,tt8667404,2026-01-09 00:00:00,Thora Birch,nm0000301,2
The Chronology of Water,tt8667404,2026-01-09 00:00:00,Jim Belushi,nm0000902,3
The Chronology of Water,tt8667404,2026-01-09 00:00:00,Michael Epp,nm1981574,4
The Chronology of Water,tt8667404,2026-01-09 00:00:00,Charlie Carrick,nm2901686,5
The Chronology of Water,tt8667404,2026-01-09 00:00:00,Tom Sturridge,nm0836432,6
The Chronology of Water,tt8667404,2026-01-09 00:00:00,Jeremy Ang Jones,nm9356204,7
The Chronology of Water,tt8667404,2026-01-09 00:00:00,Kim Gordon,nm0330371,8
The Chronology of Water,tt8667404,2026-01-09 00:00:00,Peter Rundle,nm3169113,9
The Chronology of Water,tt8667404,2026-01-09 00:00:00,Earl Cave,nm5994881,10
The Chronology of Water,tt8667404,2026-01-09 00:00:00,Anton Lytvynov,nm16640248,11
The Chronology of Water,tt8667404,2026-01-09 00:00:00,Dominik Gabriel Roseti,nm14203699,12
The Chronology of Water,tt8667404,2026-01-09 00:00:00,Hal Weaver,nm1756253,13
The Chronology of Water,tt8667404,2026-01-09 00:00:00,Esme Allen,nm11207753,14
The Chronology of Water,tt8667404,2026-01-09 00:00:00,Susannah Flood,nm7099497,15
The Third Parent,tt8702454,2026-04-03 00:00:00,Rob Lowe,nm0000507,1
The Third Parent,tt8702454,2026-04-03 00:00:00,Crispin Glover,nm0000417,2
The Third Parent,tt8702454,2026-04-03 00:00:00,Roselyn Sanchez,nm0761052,3
The Third Parent,tt8702454,2026-04-03 00:00:00,Bethany Milner,nm11528499,4
The Third Parent,tt8702454,2026-04-03 00:00:00,Rafael de Belligny,nm16698698,5
The Third Parent,tt8702454,2026-04-03 00:00:00,Kevin Ezekiel Ogunleye,nm8354959,6
The Third Parent,tt8702454,2026-04-03 00:00:00,Kudra Owens,nm1245459,7
The Third Parent,tt8702454,2026-04-03 00:00:00,Jack Roberts,nm7668103,8
The Third Parent,tt8702454,2026-04-03 00:00:00,Nikolett Englert,nm17566462,9
Apollo Jump,tt9212480,2026-01-22 00:00:00,Sarah J. Bartholomew,nm5790062,1
Apollo Jump,tt9212480,2026-01-22 00:00:00,Ezekiel Ajeigbe,nm7052597,2
Apollo Jump,tt9212480,2026-01-22 00:00:00,Ottavio Taddei,nm7233424,3
Apollo Jump,tt9212480,2026-01-22 00:00:00,Vinny Dreams,nm10292459,4
Apollo Jump,tt9212480,2026-01-22 00:00:00,Giulia Sofia Paolucci,nm9112371,5
Apollo Jump,tt9212480,2026-01-22 00:00:00,Alessandro Pedrazzi,nm11045934,6
