Type,Active,Name,Imdb id,Movie Tier,Production Cost,Rank,Price
Movie,TRUE,H Is for Hawk,tt10329560,Indie,5000000,,25000
Director,TRUE,Philippa Lowthorpe,nm1339400,,,,5000
Actor,TRUE,Claire Foy,nm2946516,,,1,5000
Actor,TRUE,Brendan Gleeson,nm0322407,,,2,5000
Actor,TRUE,Imogen Dufty,nm16591019,,,3,5000
Actor,TRUE,Denise Gough,nm1740112,,,4,5000
Actor,TRUE,Josh Dylan,nm8152860,,,5,5000
Actor,TRUE,Arty Froushan,nm8284671,,,6,2500
Actor,TRUE,Sam Spruell,nm0819874,,,7,2500
Actor,TRUE,Emma Cunniffe,nm0192209,,,8,2500
Actor,TRUE,Sean Kearns,nm0444036,,,9,2500
Actor,TRUE,Claudius Peters,nm5680429,,,10,2500
Actor,TRUE,Katy Carmichael,nm0138446,,,11,1000
Actor,TRUE,Miranda Shamiso,nm9725707,,,12,1000
Actor,TRUE,Darcy Alexander,nm17693759,,,13,1000
Actor,TRUE,Lindsay Duncan,nm0242026,,,14,1000
Actor,TRUE,Sarah Anderson,nm10846527,,,15,1000
,,,,,,,
Movie,TRUE,Michael,tt11378946,Indie,5000000,,25000
Director,TRUE,Antoine Fuqua,nm0298807,,,,5000
Actor,TRUE,Jaafar Jackson,nm4170484,,,1,5000
Actor,TRUE,Juliano Krue Valdi,nm13303880,,,2,5000
Actor,TRUE,Colman Domingo,nm0231458,,,3,5000
Actor,TRUE,Nia Long,nm0000505,,,4,5000
Actor,TRUE,Larenz Tate,nm0005478,,,5,5000
Actor,TRUE,Kat Graham,nm0334159,,,6,2500
Actor,TRUE,Derek Luke,nm1035682,,,7,2500
Actor,TRUE,KeiLyn Durrel Jones,nm3252039,,,8,2500
Actor,TRUE,Miles Teller,nm1886602,,,9,2500
Actor,TRUE,Katie Kay,nm10768624,,,10,2500
Actor,TRUE,Kendrick Sampson,nm3069604,,,11,1000
Actor,TRUE,Hank Northrop,nm6144938,,,12,1000
Actor,TRUE,Micah McNeil,nm8244100,,,13,1000
Actor,TRUE,Jessica Sula,nm4088627,,,14,1000
Actor,TRUE,Joe Gillette,nm4227676,,,15,1000
,,,,,,,
Movie,TRUE,Love Me Dead,tt11680698,Indie,5000000,,25000
Director,TRUE,Josh Webber,nm3265368,,,,5000
Actor,TRUE,Dove Cameron,nm4874651,,,1,5000
Actor,TRUE,RJ Mitte,nm2666409,,,2,5000
Actor,TRUE,Robert LaSardo,nm0489436,,,3,5000
Actor,TRUE,Pia Mia,nm3922847,,,4,5000
Actor,TRUE,Austyn Knight,nm11316114,,,5,5000
Actor,TRUE,Gigi Gustin,nm8435114,,,6,2500
Actor,TRUE,Jay Giannone,nm0316310,,,7,2500
Actor,TRUE,Kirsten Collins,nm3482668,,,8,2500
Actor,TRUE,Lauren Francesca,nm3270989,,,9,2500
Actor,TRUE,Anika C. McFall,nm1655887,,,10,2500
Actor,TRUE,Chelsea O'Toole,nm1837723,,,11,1000
Actor,TRUE,Emily Krusche-Bruck,nm6745370,,,12,1000
Actor,TRUE,Adam Pepper,nm1166921,,,13,1000
Actor,TRUE,Michael Girgenti,nm3723214,,,14,1000
Actor,TRUE,Max Reeves,nm10430587,,,15,1000
,,,,,,,
Movie,TRUE,Project Hail Mary,tt12042730,Indie,5000000,,25000
Director,TRUE,Phil Lord,nm0520488,,,,5000
Director,TRUE,Christopher Miller,nm0588087,,,,5000
Actor,TRUE,Ryan Gosling,nm0331516,,,1,5000
Actor,TRUE,Milana Vayntrub,nm2168927,,,2,5000
Actor,TRUE,Sandra Hüller,nm1197689,,,3,5000
Actor,TRUE,Ken Leung,nm0504962,,,4,5000
Actor,TRUE,Liz Kingsman,nm7284697,,,5,5000
Actor,TRUE,Lionel Boyce,nm5152633,,,6,2500
Actor,TRUE,Aaron Neil,nm1208035,,,7,2500
Actor,TRUE,James Ortiz,nm4013922,,,8,2500
Actor,TRUE,James Wright,nm15724785,,,9,2500
Actor,TRUE,Orion Lee,nm4093657,,,10,2500
Actor,TRUE,Isla McRae,nm16165407,,,11,1000
Actor,TRUE,Robert James Smith,nm13802387,,,12,1000
Actor,TRUE,Bastian Antonio Fuentes,nm10072799,,,13,1000
,,,,,,,
Movie,TRUE,The Pout-Pout Fish,tt12824390,Indie,5000000,,25000
Director,TRUE,Ricard Cussó,nm6466474,,,,5000
Director,TRUE,Rio Harrington,nm3130515,,,,5000
Actor,TRUE,Miranda Otto,nm0001584,,,1,5000
Actor,TRUE,Nick Offerman,nm0644406,,,2,5000
Actor,TRUE,Amy Sedaris,nm0781238,,,3,5000
Actor,TRUE,Remy Hii,nm3600780,,,4,5000
Actor,TRUE,Mark Coles Smith,nm1322528,,,5,5000
Actor,TRUE,Jordin Sparks,nm2554052,,,6,2500
Actor,TRUE,Nina Oyama,nm5998237,,,7,2500
Actor,TRUE,Bessie Holland,nm6684707,,,8,2500
Actor,TRUE,Nazeem Hussain,nm3832280,,,9,2500
Actor,TRUE,Andrew Buchanan,nm0117970,,,10,2500
Actor,TRUE,Mel Buttle,nm3653648,,,11,1000
Actor,TRUE,Grant Denyer,nm1489101,,,12,1000
,,,,,,,
Movie,TRUE,4 Kids Walk Into a Bank,tt13071984,Indie,5000000,,25000
Director,TRUE,Frankie Shaw,nm1951390,,,,5000
Actor,TRUE,Liam Neeson,nm0000553,,,1,5000
Actor,TRUE,Jack Dylan Grazer,nm6244013,,,2,5000
Actor,TRUE,Teresa Palmer,nm1954240,,,3,5000
Actor,TRUE,Spike Fearn,nm10514458,,,4,5000
Actor,TRUE,Jim Sturgess,nm0836343,,,5,5000
Actor,TRUE,Catherine Caylee Cowan,nm9090581,,,6,2500
Actor,TRUE,Whitney Peak,nm8857173,,,7,2500
Actor,TRUE,Talia Ryder,nm7867621,,,8,2500
Actor,TRUE,Deacon Phillippe,nm11213606,,,9,2500
Actor,TRUE,Sam Strike,nm5307635,,,10,2500
Actor,TRUE,George Basil,nm4097479,,,11,1000
Actor,TRUE,Stephanie Karam,nm12345241,,,12,1000
Actor,TRUE,Christine Torto,nm12122362,,,13,1000
Actor,TRUE,Brigid Leahy,nm8414895,,,14,1000
Actor,TRUE,Sorcha Real,nm13804450,,,15,1000
,,,,,,,
Movie,TRUE,Booo,tt13245002,Mainstream,0,,0
Director,TRUE,Joshua Coates,nm3172762,,,,
Director,TRUE,Fetteroff Colen,nm0171266,,,,
Actor,TRUE,Val McAdoo,nm9590988,,,1,0
Actor,TRUE,Elizabeth Caponigro,nm9336238,,,2,0
Actor,TRUE,Elaina Marin,nm10810444,,,3,0
Actor,TRUE,Fetteroff Colen,nm0171266,,,4,0
Actor,TRUE,Danny Plaza,nm5700531,,,5,0
Actor,TRUE,Tim Duncan,nm14725037,,,6,0
Actor,TRUE,Markus Schaub,nm0770265,,,7,0
Actor,TRUE,Frank Volpe,nm3531665,,,8,0
Actor,TRUE,Tyler Andrews,nm11802313,,,9,0
Actor,TRUE,Theron G. Johnson,nm10924012,,,10,0
Actor,TRUE,John Fogarty,nm10556561,,,11,0
Actor,TRUE,Shanea Lattimore,nm5912641,,,12,0
Actor,TRUE,Craig Betz,nm11149836,,,13,0
Actor,TRUE,Grace McAdoo,nm12339115,,,14,0
Actor,TRUE,Diane Turnier,nm14762841,,,15,0
,,,,,,,
Movie,TRUE,"Good Luck, Have Fun, Don't Die",tt1341338,Indie,5000000,,25000
Director,TRUE,Gore Verbinski,nm0893659,,,,5000
Actor,TRUE,Sam Rockwell,nm0005377,,,1,5000
Actor,TRUE,Stevel Marc,nm2987241,,,2,5000
Actor,TRUE,Tanya van Graan,nm2117238,,,3,5000
Actor,TRUE,Cassiel Eatock-Winnik,nm3830648,,,4,5000
Actor,TRUE,Michael Peña,nm0671567,,,5,5000
Actor,TRUE,Mike Gassaway,nm1096816,,,6,2500
Actor,TRUE,Juno Temple,nm1017334,,,7,2500
Actor,TRUE,Asim Chaudhry,nm5219130,,,8,2500
Actor,TRUE,Zazie Beetz,nm5939164,,,9,2500
Actor,TRUE,Georgia Goodman,nm0657794,,,10,2500
Actor,TRUE,Haley Lu Richardson,nm4726634,,,11,1000
Actor,TRUE,Ryan Kruger,nm2278027,,,12,1000
Actor,TRUE,Anna Acton,nm1111917,,,13,1000
Actor,TRUE,Conrad Kemp,nm2883828,,,14,1000
Actor,TRUE,Elly Condron,nm5930685,,,15,1000
,,,,,,,
Movie,TRUE,Greenland 2: Migration,tt14850054,Indie,5000000,,25000
Director,TRUE,Ric Roman Waugh,nm0006846,,,,5000
Actor,TRUE,Morena Baccarin,nm1072555,,,1,5000
Actor,TRUE,Gerard Butler,nm0124930,,,2,5000
Actor,TRUE,Sophie Thompson,nm0860724,,,3,5000
Actor,TRUE,Roman Griffin Davis,nm9877392,,,4,5000
Actor,TRUE,William Abadie,nm1156818,,,5,5000
Actor,TRUE,Amber Rose Revah,nm2362244,,,6,2500
Actor,TRUE,Tommie Earl Jenkins,nm1045674,,,7,2500
Actor,TRUE,Trond Fausa,nm0042212,,,8,2500
Actor,TRUE,Rachael Evelyn,nm3656001,,,9,2500
Actor,TRUE,Nathan Wiley,nm4776189,,,10,2500
Actor,TRUE,Peter Polycarpou,nm0689948,,,11,1000
Actor,TRUE,Alex Lanipekun,nm1246448,,,12,1000
Actor,TRUE,Gordon Alexander,nm1259756,,,13,1000
Actor,TRUE,Sidsel Siem Koch,nm7116195,,,14,1000
Actor,TRUE,Shayn Herndon,nm6856819,,,15,1000
,,,,,,,
Movie,TRUE,Dead Man's Wire,tt15181326,Indie,5000000,,25000
Director,TRUE,Gus Van Sant,nm0001814,,,,5000
Actor,TRUE,Bill Skarsgård,nm0803889,,,1,5000
Actor,TRUE,Cary Elwes,nm0000144,,,2,5000
Actor,TRUE,Dacre Montgomery,nm4223882,,,3,5000
Actor,TRUE,Al Pacino,nm0000199,,,4,5000
Actor,TRUE,Myha'la,nm9684601,,,5,5000
Actor,TRUE,Jordan Claire Robbins,nm6951450,,,6,2500
Actor,TRUE,John Robinson,nm1440281,,,7,2500
Actor,TRUE,Kyle Rankin,nm11374120,,,8,2500
Actor,TRUE,Katie Kinman,nm14850161,,,9,2500
Actor,TRUE,Mark Helms,nm4945586,,,10,2500
Actor,TRUE,Vinh Nguyen,nm11538271,,,11,1000
Actor,TRUE,Stephanie Bertoni,nm1359058,,,12,1000
Actor,TRUE,Daniel R. Hill,nm4940132,,,13,1000
Actor,TRUE,Todd Gable,nm3693617,,,14,1000
Actor,TRUE,Danielle Munday,nm12159141,,,15,1000
,,,,,,,
Movie,TRUE,Peaky Blinders: The Immortal Man,tt15574124,Mainstream,50000000,,50000
Director,TRUE,Tom Harper,nm2197777,,,,15000
Actor,TRUE,Sammy Jonas Heaney,nm9716187,,,1,15000
Actor,TRUE,Stephen Graham,nm0334318,,,2,15000
Actor,TRUE,Tim Roth,nm0000619,,,3,15000
Actor,TRUE,Ned Dennehy,nm0219329,,,4,15000
Actor,TRUE,Cillian Murphy,nm0614165,,,5,15000
Actor,TRUE,Andy M Milligan,nm13580290,,,6,10000
Actor,TRUE,Thomas Arnold,nm1112861,,,7,10000
Actor,TRUE,Barry Keoghan,nm4422686,,,8,10000
Actor,TRUE,Max Cavenham,nm5663171,,,9,10000
Actor,TRUE,Ian Peck,nm0669667,,,10,10000
Actor,TRUE,Rebecca Ferguson,nm0272581,,,11,5000
Actor,TRUE,Mark Wilkinson,nm15508796,,,12,5000
Actor,TRUE,Packy Lee,nm0497970,,,13,5000
Actor,TRUE,Sophie Rundle,nm2570706,,,14,5000
Actor,TRUE,Martin Angerbauer,nm2567625,,,15,5000
,,,,,,,
Movie,TRUE,Bad Voodoo,tt15716368,Indie,5000000,,25000
Director,TRUE,Andrew Adler,nm1128052,,,,5000
Director,TRUE,Andre Hepburn,nm5280342,,,,5000
Actor,TRUE,John Fiore,nm0278468,,,1,5000
Actor,TRUE,Manny Perez,nm0673563,,,2,5000
Actor,TRUE,Cristina Moody,nm3783201,,,3,5000
Actor,TRUE,Scott Sederquist,nm7630720,,,4,5000
Actor,TRUE,Charlie Alejandro,nm3077057,,,5,5000
Actor,TRUE,Justin Genna,nm5340756,,,6,2500
Actor,TRUE,Jimmy C. Jules,nm5520719,,,7,2500
Actor,TRUE,Alex Joseph Pires,nm5012684,,,8,2500
Actor,TRUE,Gary Moujabber,nm14922487,,,9,2500
Actor,TRUE,Isabella Leone,nm6844328,,,10,2500
Actor,TRUE,Justin Lombard,nm13682600,,,11,1000
Actor,TRUE,Anthony Firicano,nm7975315,,,12,1000
Actor,TRUE,Miatta Shafore,nm13346161,,,13,1000
Actor,TRUE,Annaliese Curry,nm12689664,,,14,1000
Actor,TRUE,Allison Klinman,nm5022664,,,15,1000
,,,,,,,
Movie,TRUE,Animal Friends,tt16911616,Mainstream,0,,0
Director,TRUE,Peter Atencio,nm1534595,,,,
Actor,TRUE,Kexin Wang,nm4800168,,,1,0
Actor,TRUE,Joaquim de Almeida,nm0021835,,,2,0
Actor,TRUE,Ryan Reynolds,nm0005351,,,3,0
Actor,TRUE,Brian Caspe,nm1340370,,,4,0
Actor,TRUE,Aubrey Plaza,nm2201555,,,5,0
Actor,TRUE,Lil Rel Howery,nm2577076,,,6,0
Actor,TRUE,Donald Sage Mackay,nm0533155,,,7,0
Actor,TRUE,Jason Momoa,nm0597388,,,8,0
Actor,TRUE,Euan Macnaughton,nm0534082,,,9,0
Actor,TRUE,Nathan Cooper,nm7724402,,,10,0
Actor,TRUE,JR Esposito,nm2546971,,,11,0
Actor,TRUE,Reis Daniel,nm6319877,,,12,0
Actor,TRUE,Owen Davis,nm3799259,,,13,0
Actor,TRUE,Dan Levy,nm2391794,,,14,0
Actor,TRUE,Ellie Bamber,nm5166444,,,15,0
,,,,,,,
Movie,TRUE,Untitled Trey Parker / Matt Stone / Kendrick Lamar / Dave Free,tt17042980,Mainstream,0,,0
Director,TRUE,Trey Parker,nm0005295,,,,
Actor,TRUE,Kellan Tetlow,nm13570675,,,1,0
Actor,TRUE,Hannes Schaller,nm17870693,,,2,0
Actor,TRUE,Blu Owens,nm13121237,,,3,0
Actor,TRUE,Enzian Schaller,nm17888533,,,4,0
Actor,TRUE,Preston Galli,nm14188637,,,5,0
Actor,TRUE,Hal Dion,nm0227918,,,6,0
Actor,TRUE,Koa Cohen,nm15171475,,,7,0
,,,,,,,
Movie,TRUE,Psycho Killer,tt1764551,Indie,5000000,,25000
Director,TRUE,Gavin Polone,nm0689780,,,,5000
Actor,TRUE,Dutchess Cayetano,nm12299713,,,1,5000
Actor,TRUE,Malcolm McDowell,nm0000532,,,2,5000
Actor,TRUE,John B. Lowe,nm0522979,,,3,5000
Actor,TRUE,Logan Miller,nm2383250,,,4,5000
Actor,TRUE,James Preston Rogers,nm2286416,,,5,5000
Actor,TRUE,Georgina Campbell,nm3569284,,,6,2500
Actor,TRUE,Yan Joseph,nm2845784,,,7,2500
Actor,TRUE,David Tomlinson,nm9460955,,,8,2500
Actor,TRUE,Josh Strait,nm1382676,,,9,2500
Actor,TRUE,Stephen Adekolu,nm9522926,,,10,2500
Actor,TRUE,Cassandra Ebner,nm5071850,,,11,1000
Actor,TRUE,Aaron Merke,nm2430074,,,12,1000
Actor,TRUE,Michael Strickland,nm5482340,,,13,1000
Actor,TRUE,Terry Ray,nm2875368,,,14,1000
Actor,TRUE,Derek Kun,nm10821676,,,15,1000
,,,,,,,
Movie,TRUE,I Was a Stranger,tt21272942,Mainstream,0,,0
Director,TRUE,Brandt Andersen,nm4036280,,,,
Actor,TRUE,Yasmine Al Massri,nm2316907,,,1,0
Actor,TRUE,Yahya Mahayni,nm8284773,,,2,0
Actor,TRUE,Omar Sy,nm1082477,,,3,0
Actor,TRUE,Ziad Bakri,nm2865678,,,4,0
Actor,TRUE,Constantine Markoulakis,nm0548607,,,5,0
Actor,TRUE,Ayman Samman,nm2942686,,,6,0
Actor,TRUE,Jason Beghe,nm0000892,,,7,0
Actor,TRUE,Jay Abdo,nm2178881,,,8,0
Actor,TRUE,Vicky Papadopoulou,nm1779556,,,9,0
Actor,TRUE,Fares Helou,nm1097214,,,10,0
Actor,TRUE,Saleh Bakri,nm2759746,,,11,0
Actor,TRUE,Ioanna Meli,nm3695516,,,12,0
Actor,TRUE,Yumna Marwan,nm6575696,,,13,0
Actor,TRUE,Baeyen Hoffman,nm12065377,,,14,0
Actor,TRUE,Carlos Chahine,nm1178312,,,15,0
,,,,,,,
Movie,TRUE,The Dog Stars,tt21285562,Indie,5000000,,25000
Director,TRUE,Ridley Scott,nm0000631,,,,5000
Actor,TRUE,Josh Brolin,nm0000982,,,1,5000
Actor,TRUE,Jacob Elordi,nm8624059,,,2,5000
Actor,TRUE,Margaret Qualley,nm4960279,,,3,5000
Actor,TRUE,Guy Pearce,nm0001602,,,4,5000
Actor,TRUE,Benedict Wong,nm0938950,,,5,5000
Actor,TRUE,Alara-Star Khan,nm13893691,,,6,2500
,,,,,,,
Movie,TRUE,Avengers: Doomsday,tt21361438,Blockbuster,150000000,,100000
Director,TRUE,Anthony Russo,nm0751577,,,,25000
Director,TRUE,Joe Russo,nm0751648,,,,25000
Actor,TRUE,Robert Downey Jr.,nm0000375,,,1,25000
Actor,TRUE,Pedro Pascal,nm0050959,,,2,25000
Actor,TRUE,Vanessa Kirby,nm3948952,,,3,25000
Actor,TRUE,Ebon Moss-Bachrach,nm0609114,,,4,25000
Actor,TRUE,Joseph Quinn,nm4806449,,,5,25000
,,,,,,,
Movie,TRUE,Revolt,tt21438146,Indie,5000000,,25000
Director,TRUE,Darius Burke,nm6507001,,,,5000
Actor,TRUE,Laura Gómez,nm0327041,,,1,5000
Actor,TRUE,Courtney Gonzalez,nm8551937,,,2,5000
Actor,TRUE,J.R. Fortin,nm7581802,,,3,5000
Actor,TRUE,Joe Hawk,nm9643407,,,4,5000
Actor,TRUE,Darius Burke,nm6507001,,,5,5000
Actor,TRUE,Joseph Pizzo,nm7968142,,,6,2500
Actor,TRUE,Christopher Fyfe,nm7516476,,,7,2500
Actor,TRUE,David Michael Pepe III,nm8025440,,,8,2500
Actor,TRUE,Samantha Updike,nm8702006,,,9,2500
Actor,TRUE,Michael David Kehoe,nm8192787,,,10,2500
Actor,TRUE,Reggie Jean,nm9685102,,,11,1000
Actor,TRUE,Caitlynn McCauley,nm9568168,,,12,1000
Actor,TRUE,Lenny Barcelos,nm8993252,,,13,1000
Actor,TRUE,Lenio Barcelos,nm9686998,,,14,1000
Actor,TRUE,Sabrina Bryant,nm14991445,,,15,1000
,,,,,,,
Movie,TRUE,Youngblood,tt22005882,Indie,5000000,,25000
Director,TRUE,Hubert Davis,nm1788269,,,,5000
Actor,TRUE,Ashton James,nm9656790,,,1,5000
Actor,TRUE,Blair Underwood,nm0005516,,,2,5000
Actor,TRUE,Shawn Doyle,nm0236495,,,3,5000
Actor,TRUE,Alexandra McDonald,nm9992117,,,4,5000
Actor,TRUE,Olunike Adeliyi,nm1583978,,,5,5000
Actor,TRUE,Henri Richer-Picard,nm2338836,,,6,2500
Actor,TRUE,Emidio Lopes,nm10269518,,,7,2500
Actor,TRUE,Donald MacLean Jr.,nm10021823,,,8,2500
Actor,TRUE,Tamara Podemski,nm0687947,,,9,2500
Actor,TRUE,Joris Jarsky,nm0419005,,,10,2500
Actor,TRUE,Matt Wells,nm5343801,,,11,1000
Actor,TRUE,Keris Hope Hill,nm13899262,,,12,1000
Actor,TRUE,Jonathan Valvano,nm10480644,,,13,1000
Actor,TRUE,Ty Neckar,nm15155004,,,14,1000
Actor,TRUE,Dylan Hawco,nm15505477,,,15,1000
,,,,,,,
Movie,TRUE,People We Meet on Vacation,tt22740896,Mainstream,0,,0
Director,TRUE,Brett Haley,nm1417640,,,,
Actor,TRUE,Emily Bader,nm7515939,,,1,0
Actor,TRUE,Tom Blyth,nm3880241,,,2,0
Actor,TRUE,Sarah Catherine Hook,nm7511512,,,3,0
Actor,TRUE,Lucien Laviscount,nm1620741,,,4,0
Actor,TRUE,Miles Heizer,nm1851028,,,5,0
Actor,TRUE,Jameela Jamil,nm3553139,,,6,0
Actor,TRUE,Tommy Do,nm4484620,,,7,0
Actor,TRUE,Lukas Gage,nm4965072,,,8,0
Actor,TRUE,Alice Lee,nm5333857,,,9,0
Actor,TRUE,Molly Shannon,nm0788340,,,10,0
Actor,TRUE,Alan Ruck,nm0001688,,,11,0
Actor,TRUE,Spencer Neville,nm5863978,,,12,0
Actor,TRUE,Ian Porter,nm0692139,,,13,0
Actor,TRUE,Madeleine Akua,nm12471663,,,14,0
Actor,TRUE,John Jabaley,nm0002540,,,15,0
,,,,,,,
Movie,TRUE,Return to Silent Hill,tt22868010,Mainstream,50000000,,50000
Director,TRUE,Christophe Gans,nm0304521,,,,15000
Actor,TRUE,Jeremy Irvine,nm3528539,,,1,15000
Actor,TRUE,Hannah Emily Anderson,nm5557932,,,2,15000
Actor,TRUE,Robert Strange,nm6003807,,,3,15000
Actor,TRUE,Evie Templeton,nm12024632,,,4,15000
Actor,TRUE,Pearse Egan,nm9043183,,,5,15000
Actor,TRUE,Eve Macklin,nm2984440,,,6,10000
Actor,TRUE,Emily Carding,nm6205905,,,7,10000
Actor,TRUE,Martine Richards,nm4517780,,,8,10000
Actor,TRUE,Howard Saddler,nm1475071,,,9,10000
Actor,TRUE,Matteo Pasquini,nm10547340,,,10,10000
Actor,TRUE,Melissa Graham,nm4622020,,,11,5000
Actor,TRUE,Lara Duru,nm15010705,,,12,5000
Actor,TRUE,Karya Duru,nm14742529,,,13,5000
Actor,TRUE,Sandy E. Scott,nm5004782,,,14,5000
Actor,TRUE,Nicola Alexis,nm1273937,,,15,5000
,,,,,,,
Movie,TRUE,Jimpa,tt23745668,Indie,5000000,,25000
Director,TRUE,Sophie Hyde,nm1170520,,,,5000
Actor,TRUE,Aud Mason-Hyde,nm4928345,,,1,5000
Actor,TRUE,Olivia Colman,nm1469236,,,2,5000
Actor,TRUE,John Lithgow,nm0001475,,,3,5000
Actor,TRUE,Bryn Chapman Parish,nm8970983,,,4,5000
Actor,TRUE,Hans Kesting,nm0450453,,,5,5000
Actor,TRUE,Deborah Kennedy,nm0447992,,,6,2500
Actor,TRUE,Nicholas Brown,nm0114344,,,7,2500
Actor,TRUE,Daniel Henshall,nm2989873,,,8,2500
Actor,TRUE,Kate Box,nm2094547,,,9,2500
Actor,TRUE,Arjan Ederveen,nm0249179,,,10,2500
Actor,TRUE,Eamon Farren,nm1181180,,,11,1000
Actor,TRUE,Romana Vrede,nm0904043,,,12,1000
Actor,TRUE,Teun Stokkel,nm4715428,,,13,1000
Actor,TRUE,Hanna van Vliet,nm4174886,,,14,1000
Actor,TRUE,Tilda Cobham-Hervey,nm5315479,,,15,1000
,,,,,,,
Movie,TRUE,Animal Farm,tt2467700,Indie,5000000,,25000
Director,TRUE,Andy Serkis,nm0785227,,,,5000
Actor,TRUE,Glenn Close,nm0000335,,,1,5000
Actor,TRUE,Gaten Matarazzo,nm7140802,,,2,5000
Actor,TRUE,Kieran Culkin,nm0001085,,,3,5000
Actor,TRUE,Woody Harrelson,nm0000437,,,4,5000
Actor,TRUE,Seth Rogen,nm0736622,,,5,5000
Actor,TRUE,Andy Serkis,nm0785227,,,6,2500
Actor,TRUE,Steve Buscemi,nm0000114,,,7,2500
Actor,TRUE,Jim Parsons,nm1433588,,,8,2500
Actor,TRUE,Kathleen Turner,nm0000678,,,9,2500
Actor,TRUE,Laverne Cox,nm1209545,,,10,2500
Actor,TRUE,Iman Vellani,nm11940123,,,11,1000
,,,,,,,
Movie,TRUE,Hoppers,tt26443616,Mainstream,0,,0
Director,TRUE,Daniel Chong,nm5512802,,,,
Actor,TRUE,Piper Curda,nm4552582,,,1,0
Actor,TRUE,Bobby Moynihan,nm1293885,,,2,0
Actor,TRUE,Jon Hamm,nm0358316,,,3,0
Actor,TRUE,Kathy Najimy,nm0001562,,,4,0
Actor,TRUE,Isiah Whitlock Jr.,nm0926086,,,5,0
Actor,TRUE,Meryl Streep,nm0000658,,,6,0
Actor,TRUE,Sam Richardson,nm3931538,,,7,0
Actor,TRUE,Karen Huie,nm0401235,,,8,0
Actor,TRUE,Aparna Nancherla,nm5478103,,,9,0
Actor,TRUE,Melissa Villaseñor,nm3830257,,,10,0
Actor,TRUE,Dave Franco,nm2002649,,,11,0
Actor,TRUE,Ego Nwodim,nm4945455,,,12,0
Actor,TRUE,Vanessa Bayer,nm3364779,,,13,0
Actor,TRUE,Nichole Sakura,nm3783235,,,14,0
Actor,TRUE,Eduardo Franco,nm7533568,,,15,0
,,,,,,,
Movie,TRUE,Scream 7,tt27047903,Blockbuster,150000000,,100000
Director,TRUE,Kevin Williamson,nm0932078,,,,25000
Actor,TRUE,Neve Campbell,nm0000117,,,1,25000
Actor,TRUE,Courteney Cox,nm0001073,,,2,25000
Actor,TRUE,Isabel May,nm8908475,,,3,25000
Actor,TRUE,Jasmin Savoy Brown,nm5506401,,,4,25000
Actor,TRUE,Mason Gooding,nm2864252,,,5,25000
Actor,TRUE,Anna Camp,nm2319871,,,6,15000
Actor,TRUE,Joel McHale,nm0570364,,,7,15000
Actor,TRUE,Mckenna Grace,nm5085683,,,8,15000
Actor,TRUE,Michelle Randolph,nm8948296,,,9,15000
Actor,TRUE,Jimmy Tatro,nm5555161,,,10,15000
Actor,TRUE,Asa Germann,nm11091923,,,11,5000
Actor,TRUE,Celeste O'Connor,nm9305936,,,12,5000
Actor,TRUE,Sam Rechner,nm11809977,,,13,5000
Actor,TRUE,Ethan Embry,nm0256121,,,14,5000
Actor,TRUE,Timothy Simons,nm3985937,,,15,5000
,,,,,,,
Movie,TRUE,Demon Squad: Tooth and Claw,tt27575701,Indie,5000000,,25000
Director,TRUE,Thomas Smith,nm3390194,,,,5000
Actor,TRUE,Ginger Cressman,nm13673784,,,1,5000
Actor,TRUE,Billy Culbertson,nm6477631,,,2,5000
Actor,TRUE,Rob Eubanks,nm8426931,,,3,5000
Actor,TRUE,Erin Lilley,nm3390880,,,4,5000
Actor,TRUE,Amir Zandi,nm6404534,,,5,5000
Actor,TRUE,Iona Yabut,nm14292263,,,6,2500
Actor,TRUE,Monica Webb,nm3775931,,,7,2500
Actor,TRUE,Victoria Antonelli,nm8699875,,,8,2500
Actor,TRUE,Brittany Foti,nm6886163,,,9,2500
Actor,TRUE,Khristian Fulmer,nm3013501,,,10,2500
Actor,TRUE,Scott Alan Warner,nm6773470,,,11,1000
Actor,TRUE,Curtis Lilley,nm3946138,,,12,1000
Actor,TRUE,Pavani Mitchum,nm14601392,,,13,1000
Actor,TRUE,Kelly Houk,nm5278820,,,14,1000
Actor,TRUE,Xavier DuPriest,nm7578172,,,15,1000
,,,,,,,
Movie,TRUE,GOAT,tt27613895,Indie,5000000,,25000
Director,TRUE,Tyree Dillihay,nm2826643,,,,5000
Director,TRUE,Adam Rosette,nm2411105,,,,5000
Actor,TRUE,Caleb McLaughlin,nm5160895,,,1,5000
Actor,TRUE,Gabrielle Union,nm0005517,,,2,5000
Actor,TRUE,Nick Kroll,nm1802209,,,3,5000
Actor,TRUE,Nicola Coughlan,nm1965552,,,4,5000
Actor,TRUE,David Harbour,nm1092086,,,5,5000
Actor,TRUE,Stephen Curry,nm2967426,,,6,2500
Actor,TRUE,Jenifer Lewis,nm0507338,,,7,2500
Actor,TRUE,Patton Oswalt,nm0652663,,,8,2500
Actor,TRUE,Bobby Lee,nm0496899,,,9,2500
Actor,TRUE,Sherry Cola,nm8781499,,,10,2500
Actor,TRUE,Andrew Santino,nm2747668,,,11,1000
Actor,TRUE,Derek Mio,nm1218732,,,12,1000
Actor,TRUE,Jennifer Hudson,nm1617685,,,13,1000
Actor,TRUE,Aaron Pierre,nm7543974,,,14,1000
Actor,TRUE,Ayesha Curry,nm2812760,,,15,1000
,,,,,,,
Movie,TRUE,Islands,tt27796126,Indie,5000000,,25000
Director,TRUE,Jan-Ole Gerster,nm1673756,,,,5000
Actor,TRUE,Fatima Adoum,nm1936320,,,1,5000
Actor,TRUE,Ramiro Blas,nm0087640,,,2,5000
Actor,TRUE,Bruna Cusí,nm4264236,,,3,5000
Actor,TRUE,Ahmed Boulane,nm0099424,,,4,5000
Actor,TRUE,Stacy Martin,nm5237479,,,5,5000
Actor,TRUE,Sam Riley,nm0727165,,,6,2500
Actor,TRUE,Jack Farthing,nm4958046,,,7,2500
Actor,TRUE,Pep Ambròs,nm3314114,,,8,2500
Actor,TRUE,Agnes Lindström Bolmgren,nm3866005,,,9,2500
Actor,TRUE,Maya Unger,nm2111967,,,10,2500
Actor,TRUE,Dylan Torrell,nm11354408,,,11,1000
Actor,TRUE,Fernando Navas,nm2794645,,,12,1000
Actor,TRUE,Dawid Pietkiewicz,nm2740325,,,13,1000
Actor,TRUE,Irene Ferarios,nm16152474,,,14,1000
,,,,,,,
Movie,TRUE,Clika,tt28334938,Mainstream,50000000,,50000
Director,TRUE,Michael Greene,nm1322006,,,,15000
Actor,TRUE,Nana Ponceleon,nm2641581,,,1,15000
Actor,TRUE,Eric Roberts,nm0000616,,,2,15000
Actor,TRUE,Peter Greene,nm0338886,,,3,15000
Actor,TRUE,Bourke Floyd,nm0283239,,,4,15000
Actor,TRUE,Master P,nm0005290,,,5,15000
Actor,TRUE,Norman Towns,nm6427416,,,6,10000
Actor,TRUE,Jay Dee,nm5116239,,,7,10000
Actor,TRUE,Vivian Lamolli,nm4796168,,,8,10000
Actor,TRUE,Paul Sinacore,nm3217025,,,9,10000
Actor,TRUE,Alison Chace,nm2641262,,,10,10000
Actor,TRUE,Pao Villalobos,nm6798714,,,11,5000
Actor,TRUE,Cameron James Matthews,nm5964948,,,12,5000
Actor,TRUE,Cory Aycock,nm3300778,,,13,5000
Actor,TRUE,Cristian E. Gutierrez,nm7265009,,,14,5000
Actor,TRUE,King Jaquell Martin,nm7017426,,,15,5000
,,,,,,,
Movie,TRUE,JFK Jr.,tt28633043,Indie,5000000,,25000
Director,TRUE,Darius Burke,nm6507001,,,,5000
Actor,TRUE,Darius Burke,nm6507001,,,1,5000
Actor,TRUE,Jacqui Denski,nm5741624,,,2,5000
Actor,TRUE,Timothy Connelly,nm13655308,,,3,5000
Actor,TRUE,Stephen O'Brien,nm7944374,,,4,5000
Actor,TRUE,Elena Schick,nm5474762,,,5,5000
Actor,TRUE,Dori Milly Grace,nm17097306,,,6,2500
Actor,TRUE,Madelyn Sweet,nm13346263,,,7,2500
Actor,TRUE,Henry Laun,nm6085634,,,8,2500
Actor,TRUE,Ana Calixto,nm12181218,,,9,2500
Actor,TRUE,David Michael Pepe III,nm8025440,,,10,2500
Actor,TRUE,Calvin Zanetti,nm16019865,,,11,1000
Actor,TRUE,Parker Grey Nelson,nm14236558,,,12,1000
Actor,TRUE,Phil Harris,nm15792507,,,13,1000
Actor,TRUE,Mandy the Dog,nm8725685,,,14,1000
Actor,TRUE,TJ Dolan,nm15795382,,,15,1000
,,,,,,,
Movie,TRUE,The Super Mario Galaxy Movie,tt28650488,Mainstream,0,,0
Director,TRUE,Aaron Horvath,nm1739338,,,,
Director,TRUE,Michael Jelenic,nm2398585,,,,
Actor,TRUE,Jack Black,nm0085312,,,1,0
Actor,TRUE,Anya Taylor-Joy,nm5896355,,,2,0
Actor,TRUE,Chris Pratt,nm0695435,,,3,0
Actor,TRUE,Brie Larson,nm0488953,,,4,0
Actor,TRUE,Benny Safdie,nm1509478,,,5,0
Actor,TRUE,Keegan-Michael Key,nm1221047,,,6,0
Actor,TRUE,Charlie Day,nm0206359,,,7,0
Actor,TRUE,Kevin Michael Richardson,nm0724656,,,8,0
,,,,,,,
Movie,TRUE,The Strangers: Chapter 3,tt28682323,Mainstream,50000000,,50000
Director,TRUE,Renny Harlin,nm0001317,,,,15000
Actor,TRUE,Madelaine Petsch,nm6663708,,,1,15000
Actor,TRUE,Richard Brake,nm0104114,,,2,15000
Actor,TRUE,Krystal Ellsworth,nm3422247,,,3,15000
Actor,TRUE,Janis Ahern,nm4273260,,,4,15000
Actor,TRUE,Kyle Breitkopf,nm3827460,,,5,15000
Actor,TRUE,Gabriel Basso,nm2773059,,,6,10000
Actor,TRUE,Rachel Shenton,nm2053650,,,7,10000
Actor,TRUE,George Young,nm2965226,,,8,10000
Actor,TRUE,Ben Cartwright,nm1408455,,,9,10000
Actor,TRUE,Stevee Davies,nm3482517,,,10,10000
Actor,TRUE,Hannah Galway,nm8851943,,,11,5000
Actor,TRUE,Ella Bruccoleri,nm9702409,,,12,5000
Actor,TRUE,Joel Labelle,nm4124639,,,13,5000
Actor,TRUE,Miles Yekinni,nm4126991,,,14,5000
Actor,TRUE,Pedro Leandro,nm7797052,,,15,5000
,,,,,,,
Movie,TRUE,Deep Water,tt29516222,Indie,5000000,,25000
Actor,TRUE,Aaron Eckhart,nm0001173,,,1,5000
Actor,TRUE,Molly Belle Wright,nm11793826,,,2,5000
Actor,TRUE,Kelly Gale,nm6145629,,,3,5000
Actor,TRUE,Ben Kingsley,nm0001426,,,4,5000
Actor,TRUE,Angus Sampson,nm0760151,,,5,5000
Actor,TRUE,Priya Jain,nm7568073,,,6,2500
Actor,TRUE,Rosie Zhao,nm15826105,,,7,2500
Actor,TRUE,Richard Crouchley,nm11156289,,,8,2500
Actor,TRUE,Rob Kipa-Williams,nm3900891,,,9,2500
Actor,TRUE,Mark Hadlow,nm0352921,,,10,2500
Actor,TRUE,Rosemary Li,nm16675793,,,11,1000
Actor,TRUE,Lakota Johnson,nm7841377,,,12,1000
Actor,TRUE,Madeleine West,nm0922210,,,13,1000
Actor,TRUE,Ryan Bown,nm7635170,,,14,1000
Actor,TRUE,Rarmian Newton,nm2848612,,,15,1000
,,,,,,,
Movie,TRUE,Whistle,tt29550683,Indie,5000000,,25000
Director,TRUE,Corin Hardy,nm2379028,,,,5000
Actor,TRUE,Dafne Keen,nm6748436,,,1,5000
Actor,TRUE,Sophie Nélisse,nm4563869,,,2,5000
Actor,TRUE,Percy Hynes White,nm4007171,,,3,5000
Actor,TRUE,Nick Frost,nm0296545,,,4,5000
Actor,TRUE,Ali Skovbye,nm3309629,,,5,5000
Actor,TRUE,Sky Yang,nm9478258,,,6,2500
Actor,TRUE,Stephen Kalyn,nm9822646,,,7,2500
Actor,TRUE,Lanette Ware,nm0710969,,,8,2500
Actor,TRUE,Janaya Stephens,nm0827048,,,9,2500
Actor,TRUE,Ruth Chiang,nm1122078,,,10,2500
Actor,TRUE,Troy James,nm8911148,,,11,1000
Actor,TRUE,Brandon James Sim,nm5505776,,,12,1000
Actor,TRUE,Louis Adams,nm0011160,,,13,1000
Actor,TRUE,Michael Koras,nm5646602,,,14,1000
Actor,TRUE,Mika Amonsen,nm9170317,,,15,1000
,,,,,,,
Movie,TRUE,Peaches Goes Bananas,tt30327721,Indie,5000000,,25000
Director,TRUE,Marie Losier,nm1633031,,,,5000
Actor,TRUE,Marlene Saldana,nm3736855,,,1,5000
,,,,,,,
Movie,TRUE,The Bride!,tt30851137,Indie,5000000,,25000
Director,TRUE,Maggie Gyllenhaal,nm0350454,,,,5000
Actor,TRUE,Jake Gyllenhaal,nm0350453,,,1,5000
Actor,TRUE,Marko Caka,nm6517139,,,2,5000
Actor,TRUE,Penélope Cruz,nm0004851,,,3,5000
Actor,TRUE,William Hill,nm0384771,,,4,5000
Actor,TRUE,Peter Sarsgaard,nm0765597,,,5,5000
Actor,TRUE,Matthew Maher,nm0536866,,,6,2500
Actor,TRUE,Louis Cancelmi,nm1209413,,,7,2500
Actor,TRUE,John Magaro,nm1910274,,,8,2500
Actor,TRUE,Christian Bale,nm0000288,,,9,2500
Actor,TRUE,Annette Bening,nm0000906,,,10,2500
Actor,TRUE,Jessie Buckley,nm2976580,,,11,1000
Actor,TRUE,Jeannie Berlin,nm0075588,,,12,1000
Actor,TRUE,Julianne Hough,nm2584600,,,13,1000
Actor,TRUE,Massiel Mordan,nm4692337,,,14,1000
Actor,TRUE,Stephanie Troyak,nm4809866,,,15,1000
,,,,,,,
Movie,TRUE,Southside Kev,tt31015089,Indie,5000000,,25000
Director,TRUE,Jamel Furlow,nm8721564,,,,5000
Actor,TRUE,McKinzie J. Scott,nm15118305,,,1,5000
Actor,TRUE,Anthony M. Walker,nm3661660,,,2,5000
Actor,TRUE,CK Fernandez,nm2779882,,,3,5000
Actor,TRUE,Naomi Taylor,nm14517688,,,4,5000
Actor,TRUE,Alpachino Howard,nm10971743,,,5,5000
Actor,TRUE,Anthony Nio Perez,nm12990762,,,6,2500
Actor,TRUE,Chrys Edwards,nm15747889,,,7,2500
Actor,TRUE,Brandon Chastang,nm12928271,,,8,2500
Actor,TRUE,King Brandon Smith,nm15036068,,,9,2500
Actor,TRUE,Nathan Lewis,nm15757300,,,10,2500
Actor,TRUE,Yahteek Miles,nm16631622,,,11,1000
Actor,TRUE,Torisha Laforce,nm16307679,,,12,1000
,,,,,,,
Movie,TRUE,Mercy,tt31050594,Mainstream,50000000,,50000
Director,TRUE,Timur Bekmambetov,nm0067457,,,,15000
Actor,TRUE,Rebecca Ferguson,nm0272581,,,1,15000
Actor,TRUE,Michael C. Mahon,nm0537103,,,2,15000
Actor,TRUE,Renata Ribeiro,nm4683179,,,3,15000
Actor,TRUE,Kenneth Choi,nm0158846,,,4,15000
Actor,TRUE,Carlos Antonio,nm0031378,,,5,15000
Actor,TRUE,Noah Fearnley,nm10885467,,,6,10000
Actor,TRUE,Chris Sullivan,nm2884388,,,7,10000
Actor,TRUE,Annabelle Wallis,nm1834115,,,8,10000
Actor,TRUE,Philicia Saunders,nm3578394,,,9,10000
Actor,TRUE,Kylie Rogers,nm4814017,,,10,10000
Actor,TRUE,Konstantin Podprugin,nm8126223,,,11,5000
Actor,TRUE,Jeff Pierre,nm4168033,,,12,5000
Actor,TRUE,Rafi Gavron,nm1969169,,,13,5000
Actor,TRUE,Jamie McBride,nm1408628,,,14,5000
Actor,TRUE,John Bubniak,nm6778277,,,15,5000
,,,,,,,
Movie,TRUE,Normal,tt31195136,Indie,5000000,,25000
Director,TRUE,Ben Wheatley,nm1296554,,,,5000
Actor,TRUE,Reena Jolly,nm8674943,,,1,5000
Actor,TRUE,Brendan Fletcher,nm0281956,,,2,5000
Actor,TRUE,Brian Kawakami,nm1753591,,,3,5000
Actor,TRUE,Henry Winkler,nm0001857,,,4,5000
Actor,TRUE,Bob Odenkirk,nm0644022,,,5,5000
Actor,TRUE,Lena Headey,nm0372176,,,6,2500
Actor,TRUE,Billy MacLellan,nm0533832,,,7,2500
Actor,TRUE,David Lawrence Brown,nm0113357,,,8,2500
Actor,TRUE,Peter Shinkoda,nm0793946,,,9,2500
Actor,TRUE,Jess McLeod,nm2004178,,,10,2500
Actor,TRUE,Ryan Allen,nm3042278,,,11,1000
Actor,TRUE,Lauren Cochrane,nm2497076,,,12,1000
Actor,TRUE,Dan De Jaeger,nm3463846,,,13,1000
Actor,TRUE,Aaron Merke,nm2430074,,,14,1000
Actor,TRUE,Carson Nattrass,nm0622442,,,15,1000
,,,,,,,
Movie,TRUE,Dracula: A Love Tale,tt31434030,Mainstream,50000000,,50000
Director,TRUE,Luc Besson,nm0000108,,,,15000
Actor,TRUE,Caleb Landry Jones,nm2655177,,,1,15000
Actor,TRUE,Christoph Waltz,nm0910607,,,2,15000
Actor,TRUE,Zoë Bleu,nm3396904,,,3,15000
Actor,TRUE,Guillaume de Tonquédec,nm0211956,,,4,15000
Actor,TRUE,Matilda De Angelis,nm7006860,,,5,15000
Actor,TRUE,Ewens Abid,nm12491832,,,6,10000
Actor,TRUE,David Shields,nm7104160,,,7,10000
Actor,TRUE,Bertrand-Xavier Corbi,nm2771209,,,8,10000
Actor,TRUE,Raphael Luce,nm11561207,,,9,10000
Actor,TRUE,Liviu Bora,nm7136884,,,10,10000
Actor,TRUE,Anne Kessler,nm0450306,,,11,5000
Actor,TRUE,Romain Levi,nm4678676,,,12,5000
Actor,TRUE,Jassem Mougari,nm5438655,,,13,5000
Actor,TRUE,Thalia Besson,nm9438957,,,14,5000
Actor,TRUE,Haymon Maria Buttinger,nm0125379,,,15,5000
,,,,,,,
Movie,TRUE,Dreams,tt31710990,Indie,5000000,,25000
Director,TRUE,Michel Franco,nm1633015,,,,5000
Actor,TRUE,Isaac Hernández,nm9589293,,,1,5000
Actor,TRUE,Eduardo Gonzalez,nm4004050,,,2,5000
Actor,TRUE,Hugo Costa Ramos,nm4285284,,,3,5000
Actor,TRUE,Julio Bernal,nm17110324,,,4,5000
Actor,TRUE,René Martínez,nm8980687,,,5,5000
Actor,TRUE,Nadia Chiney,nm17110331,,,6,2500
Actor,TRUE,Jessica Chastain,nm1567113,,,7,2500
Actor,TRUE,Rupert Friend,nm1670029,,,8,2500
Actor,TRUE,Marshall Bell,nm0068382,,,9,2500
Actor,TRUE,Nadia Flamenco,nm9013869,,,10,2500
Actor,TRUE,Ali Kiley,nm14353696,,,11,1000
Actor,TRUE,Areyla Faeron,nm12365717,,,12,1000
Actor,TRUE,Rafael Jiménez,nm17110344,,,13,1000
Actor,TRUE,Mercedes Hernández,nm2543344,,,14,1000
Actor,TRUE,Eligio Meléndez,nm0578577,,,15,1000
,,,,,,,
Movie,TRUE,They Will Kill You,tt31728330,Indie,5000000,,25000
Director,TRUE,Kirill Sokolov,nm5001945,,,,5000
Actor,TRUE,Patricia Arquette,nm0000099,,,1,5000
Actor,TRUE,Heather Graham,nm0001287,,,2,5000
Actor,TRUE,Tom Felton,nm0271657,,,3,5000
Actor,TRUE,Zazie Beetz,nm5939164,,,4,5000
Actor,TRUE,Myha'la,nm9684601,,,5,5000
Actor,TRUE,Darron Meyer,nm2378861,,,6,2500
Actor,TRUE,Armando Rivera,nm13821953,,,7,2500
Actor,TRUE,Chris van Rensburg,nm3529717,,,8,2500
Actor,TRUE,Gabe Gabriel,nm5520267,,,9,2500
Actor,TRUE,Megan Alexander,nm8019086,,,10,2500
,,,,,,,
Movie,TRUE,28 Years Later: The Bone Temple,tt32141377,Mainstream,50000000,,50000
Director,TRUE,Nia DaCosta,nm4804442,,,,15000
Actor,TRUE,Ralph Fiennes,nm0000146,,,1,15000
Actor,TRUE,Jack O'Connell,nm1925239,,,2,15000
Actor,TRUE,Emma Laird,nm10058940,,,3,15000
Actor,TRUE,Chi Lewis-Parry,nm5213912,,,4,15000
Actor,TRUE,Robert Rhodes,nm13566004,,,5,15000
Actor,TRUE,Alfie Williams,nm12595111,,,6,10000
Actor,TRUE,Erin Kellyman,nm7210986,,,7,10000
Actor,TRUE,Louis Ashbourne Serkis,nm6162831,,,8,10000
Actor,TRUE,David Sterne,nm0827664,,,9,10000
Actor,TRUE,Maura Bird,nm10547656,,,10,10000
Actor,TRUE,Sam Locke,nm11271517,,,11,5000
Actor,TRUE,Natalie Cousteau,nm1490219,,,12,5000
Actor,TRUE,Elliot Benn,nm10096080,,,13,5000
Actor,TRUE,Ghazi Al Ruffai,nm14025829,,,14,5000
Actor,TRUE,Mia Verity,nm17652193,,,15,5000
,,,,,,,
Movie,TRUE,FECES/////MATTER,tt32195850,Mainstream,0,,0
Director,TRUE,David S. Heiser Jr.,nm9471101,,,,
Actor,TRUE,Casey Barnes,nm13256017,,,1,0
Actor,TRUE,Eric Canfield,nm6676518,,,2,0
Actor,TRUE,Anna Colvin,nm11056643,,,3,0
Actor,TRUE,Alexander Ekker,nm15400747,,,4,0
Actor,TRUE,Sanath Hegde,nm13536464,,,5,0
Actor,TRUE,Jacob Israel,nm14795857,,,6,0
Actor,TRUE,Caleb M. Jordan,nm12572794,,,7,0
Actor,TRUE,Jude Kilumbu,nm13046602,,,8,0
Actor,TRUE,Matias Kruse,nm15730632,,,9,0
Actor,TRUE,Will Lampe,nm16069055,,,10,0
Actor,TRUE,Caleb McKnabb,nm14107978,,,11,0
Actor,TRUE,Quinton Nash,nm10270878,,,12,0
Actor,TRUE,Aidan Roche,nm15832254,,,13,0
Actor,TRUE,Erika Sharp,nm14334990,,,14,0
Actor,TRUE,Seth Williams,nm13525936,,,15,0
,,,,,,,
Movie,TRUE,The Singing Priest,tt32207971,Indie,5000000,,25000
Director,TRUE,John Tsambazis,nm2893155,,,,5000
Actor,TRUE,Roberto Benigni,nm0000905,,,1,5000
Actor,TRUE,Andrea Bocelli,nm0004765,,,2,5000
Actor,TRUE,Matteo Bocelli,nm10016096,,,3,5000
Actor,TRUE,Artin John,nm4730571,,,4,5000
,,,,,,,
Movie,TRUE,Alpha,tt32275943,Indie,5000000,,25000
Director,TRUE,Julia Ducournau,nm4469445,,,,5000
Actor,TRUE,Tahar Rahim,nm2588665,,,1,5000
Actor,TRUE,Golshifteh Farahani,nm0267042,,,2,5000
Actor,TRUE,Mélissa Boros,nm13269520,,,3,5000
Actor,TRUE,Emma Mackey,nm8076281,,,4,5000
Actor,TRUE,Finnegan Oldfield,nm2028613,,,5,5000
Actor,TRUE,Louai El Amrousy,nm15338537,,,6,2500
Actor,TRUE,Ambrine Trigo Ouaked,nm14440724,,,7,2500
Actor,TRUE,Zohra Benbetka,nm17621467,,,8,2500
Actor,TRUE,Fadila Belkebla,nm0067949,,,9,2500
Actor,TRUE,Sofia Naït,nm5066398,,,10,2500
Actor,TRUE,Bahia Badji,nm17621463,,,11,1000
Actor,TRUE,Marc Riso,nm6848464,,,12,1000
Actor,TRUE,Jean-Charles Clichet,nm2806009,,,13,1000
Actor,TRUE,François Rollin,nm0738391,,,14,1000
Actor,TRUE,Driver,nm4855218,,,15,1000
,,,,,,,
Movie,TRUE,Solo Mio,tt32306991,Indie,5000000,,25000
Director,TRUE,Charles Kinnane,nm3057695,,,,5000
Director,TRUE,Daniel Kinnane,nm8451296,,,,5000
Actor,TRUE,Kevin James,nm0416673,,,1,5000
Actor,TRUE,Jonathan Roumie,nm0745751,,,2,5000
Actor,TRUE,Kim Coates,nm0167649,,,3,5000
Actor,TRUE,Alyson Hannigan,nm0004989,,,4,5000
Actor,TRUE,Julie Ann Emery,nm1024264,,,5,5000
Actor,TRUE,Nicole Grimaudo,nm0342151,,,6,2500
Actor,TRUE,Julee Cerda,nm2410458,,,7,2500
Actor,TRUE,Evelina Meghnagi,nm0576316,,,8,2500
Actor,TRUE,Alessandro Cucca,nm12947899,,,9,2500
Actor,TRUE,Caterina Silva,nm0798255,,,10,2500
Actor,TRUE,Daniela Glasgow,nm12417126,,,11,1000
Actor,TRUE,Julia Messina,nm12052542,,,12,1000
Actor,TRUE,Alessandro Carbonara,nm9119464,,,13,1000
Actor,TRUE,Allina Cerni,nm13381339,,,14,1000
Actor,TRUE,Valentina Fois,nm3064030,,,15,1000
,,,,,,,
Movie,TRUE,Pillion,tt32321317,Mainstream,50000000,,50000
Director,TRUE,Harry Lighton,nm7502337,,,,15000
Actor,TRUE,Alexander Skarsgård,nm0002907,,,1,15000
Actor,TRUE,Harry Melling,nm0577982,,,2,15000
Actor,TRUE,Douglas Hodge,nm0388061,,,3,15000
Actor,TRUE,Lesley Sharp,nm0789093,,,4,15000
Actor,TRUE,Anthony Welsh,nm3455151,,,5,15000
Actor,TRUE,Jake Shears,nm0783283,,,6,10000
Actor,TRUE,Billy King,nm7767707,,,7,10000
Actor,TRUE,Stevie Raine,nm3678878,,,8,10000
Actor,TRUE,Jake Sharp,nm6121001,,,9,10000
Actor,TRUE,Georgina Hellier,nm7450601,,,10,10000
Actor,TRUE,Rosie Sheehy,nm8382508,,,11,5000
Actor,TRUE,Miranda Bell,nm0068414,,,12,5000
Actor,TRUE,Paul Tallis,nm17217857,,,13,5000
Actor,TRUE,Nick Figgis,nm0276556,,,14,5000
Actor,TRUE,Michael 'Mike' Jones,nm17318384,,,15,5000
,,,,,,,
Movie,TRUE,The Strange Dark,tt32330904,Indie,5000000,,25000
Director,TRUE,Chris Messineo,nm1980129,,,,5000
Actor,TRUE,Nili Bassman,nm0060320,,,1,5000
Actor,TRUE,Caleb Scott,nm3259251,,,2,5000
Actor,TRUE,Carmen Borla,nm6686874,,,3,5000
Actor,TRUE,Bates Wilder,nm0928560,,,4,5000
Actor,TRUE,John Beckwith,nm10650208,,,5,5000
Actor,TRUE,Carson Jean Holley,nm10981398,,,6,2500
Actor,TRUE,Athan Sporek,nm7482229,,,7,2500
,,,,,,,
Movie,TRUE,Mutiny,tt32338669,Mainstream,0,,0
Director,TRUE,Jean-François Richet,nm0724938,,,,
Actor,TRUE,Jason Statham,nm0005458,,,1,0
Actor,TRUE,Annabelle Wallis,nm1834115,,,2,0
Actor,TRUE,Chaneil Kular,nm9894581,,,3,0
Actor,TRUE,Adrian Lester,nm0504412,,,4,0
Actor,TRUE,Arnas Fedaravicius,nm4538500,,,5,0
Actor,TRUE,Lee Charles,nm3124775,,,6,0
Actor,TRUE,Roland Møller,nm3435612,,,7,0
Actor,TRUE,Ben Cartwright,nm1408455,,,8,0
Actor,TRUE,Jason Wong,nm3438484,,,9,0
Actor,TRUE,Rumi Sutton,nm13339986,,,10,0
Actor,TRUE,Tom Christian,nm5276849,,,11,0
Actor,TRUE,Steven Blades,nm6216488,,,12,0
Actor,TRUE,Jessica Wai Sum Tong,nm14221272,,,13,0
,,,,,,,
Movie,TRUE,Shelter,tt32357218,Indie,5000000,,25000
Director,TRUE,Ric Roman Waugh,nm0006846,,,,5000
Actor,TRUE,Jason Statham,nm0005458,,,1,5000
Actor,TRUE,Bill Nighy,nm0631490,,,2,5000
Actor,TRUE,Harriet Walter,nm0910040,,,3,5000
Actor,TRUE,Naomi Ackie,nm7609875,,,4,5000
Actor,TRUE,Daniel Mays,nm0990547,,,5,5000
Actor,TRUE,Bodhi Rae Breathnach,nm11417004,,,6,2500
Actor,TRUE,Billy Clements,nm10968854,,,7,2500
Actor,TRUE,Bronson Webb,nm0916037,,,8,2500
Actor,TRUE,Bally Gill,nm2617312,,,9,2500
Actor,TRUE,Tomi May,nm3314507,,,10,2500
Actor,TRUE,Tom Wu,nm0943179,,,11,1000
Actor,TRUE,Anna Crilly,nm2418097,,,12,1000
Actor,TRUE,Sofian Francis,nm5770586,,,13,1000
Actor,TRUE,Adam Collins,nm5143645,,,14,1000
Actor,TRUE,Ryan Fletcher,nm1229526,,,15,1000
,,,,,,,
Movie,TRUE,Calle Málaga,tt32429174,Indie,5000000,,25000
Director,TRUE,Maryam Touzani,nm5685112,,,,5000
Actor,TRUE,Carmen Maura,nm0560962,,,1,5000
Actor,TRUE,Marta Etura,nm1011070,,,2,5000
Actor,TRUE,Ahmed Boulane,nm0099424,,,3,5000
Actor,TRUE,María Alfonsa Rosso,nm0743133,,,4,5000
Actor,TRUE,Sanae Regragui,nm6454120,,,5,5000
Actor,TRUE,Miguel Garcés,nm0962195,,,6,2500
Actor,TRUE,Tarik Rmili,nm6593670,,,7,2500
Actor,TRUE,Mohamed Naimane,nm5814128,,,8,2500
Actor,TRUE,Moustapha Haouchine,nm14904620,,,9,2500
Actor,TRUE,La Imèn,nm14980820,,,10,2500
Actor,TRUE,Hamza Guemhahi,nm17522494,,,11,1000
Actor,TRUE,Aziz Filali,nm17522507,,,12,1000
Actor,TRUE,Mohammed El Aouni,nm17522518,,,13,1000
Actor,TRUE,Ali Mchat,nm17522519,,,14,1000
Actor,TRUE,Abdelilah Iramdane,nm17522510,,,15,1000
,,,,,,,
Movie,TRUE,GOAT,tt32499880,Indie,5000000,,25000
Director,TRUE,Tyree Dillihay,nm2826643,,,,5000
Director,TRUE,Adam Rosette,nm2411105,,,,5000
Actor,TRUE,Rachna Vasavada,nm13405822,,,1,5000
,,,,,,,
Movie,TRUE,Moses the Black,tt32542065,Indie,5000000,,25000
Director,TRUE,Yelena Popovic,nm0660528,,,,5000
Actor,TRUE,Omar Epps,nm0004898,,,1,5000
Actor,TRUE,Chukwudi Iwuji,nm1030244,,,2,5000
Actor,TRUE,Wiz Khalifa,nm4381591,,,3,5000
Actor,TRUE,Ahmad Nicholas Ferguson,nm8465545,,,4,5000
Actor,TRUE,Cliff Chamberlain,nm1554516,,,5,5000
Actor,TRUE,Corey Hendrix,nm4141529,,,6,2500
Actor,TRUE,Quavo,nm8435168,,,7,2500
Actor,TRUE,Kierra Bunch,nm4883789,,,8,2500
Actor,TRUE,Deontay Wilder,nm5248931,,,9,2500
Actor,TRUE,Tyré Green,nm9380413,,,10,2500
Actor,TRUE,Jimmy Cone,nm17896173,,,11,1000
Actor,TRUE,David Krostal,nm14858503,,,12,1000
Actor,TRUE,Jay Street,nm2433377,,,13,1000
Actor,TRUE,Vonzell D. Scott,nm7195468,,,14,1000
Actor,TRUE,Skilla Baby,nm13816987,,,15,1000
,,,,,,,
Movie,TRUE,Three Bags Full: A Sheep Detective Movie,tt32566481,Mainstream,50000000,,50000
Director,TRUE,Kyle Balda,nm0049633,,,,15000
Actor,TRUE,Emma Thompson,nm0000668,,,1,15000
Actor,TRUE,Hugh Jackman,nm0413168,,,2,15000
Actor,TRUE,Molly Gordon,nm1094137,,,3,15000
Actor,TRUE,Nicholas Galitzine,nm5954280,,,4,15000
Actor,TRUE,Nicholas Braun,nm1002609,,,5,15000
Actor,TRUE,Mandeep Dhillon,nm3778244,,,6,10000
Actor,TRUE,Hong Chau,nm2186865,,,7,10000
Actor,TRUE,Conleth Hill,nm0384152,,,8,10000
Actor,TRUE,Tosin Cole,nm4108791,,,9,10000
Actor,TRUE,George Harris,nm2005592,,,10,10000
Actor,TRUE,Kobna Holdbrook-Smith,nm1506183,,,11,5000
Actor,TRUE,James Wright,nm15724785,,,12,5000
,,,,,,,
Movie,TRUE,The Mummy,tt32612507,Mainstream,50000000,,50000
Director,TRUE,Lee Cronin,nm2091846,,,,15000
Actor,TRUE,Jack Reynor,nm2930503,,,1,15000
Actor,TRUE,Laia Costa,nm4663937,,,2,15000
Actor,TRUE,May Calamawy,nm2790595,,,3,15000
Actor,TRUE,Veronica Falcón,nm1227481,,,4,15000
Actor,TRUE,Emily Mitchell,nm12876537,,,5,15000
Actor,TRUE,Hayat Kamille,nm6360097,,,6,10000
Actor,TRUE,Natalie Grace,nm10576004,,,7,10000
Actor,TRUE,Billie Roy,nm13136436,,,8,10000
Actor,TRUE,Shylo Molina,nm11141281,,,9,10000
Actor,TRUE,May Elghety,nm8162814,,,10,10000
Actor,TRUE,Dean Allen Williams,nm13045538,,,11,5000
,,,,,,,
Movie,TRUE,The Rip,tt32642706,Indie,5000000,,25000
Director,TRUE,Joe Carnahan,nm0138620,,,,5000
Actor,TRUE,Teyana Taylor,nm3692520,,,1,5000
Actor,TRUE,Matt Damon,nm0000354,,,2,5000
Actor,TRUE,Ben Affleck,nm0000255,,,3,5000
Actor,TRUE,Kyle Chandler,nm0151419,,,4,5000
Actor,TRUE,Scott Adkins,nm0012078,,,5,5000
Actor,TRUE,Steven Yeun,nm3081796,,,6,2500
Actor,TRUE,Sasha Calle,nm8567338,,,7,2500
Actor,TRUE,Catalina Sandino Moreno,nm1503432,,,8,2500
Actor,TRUE,Nestor Carbonell,nm0004801,,,9,2500
Actor,TRUE,Lina Esco,nm2128467,,,10,2500
Actor,TRUE,Daisuke Tsuji,nm2473600,,,11,1000
Actor,TRUE,Jose Pablo Cantillo,nm1504678,,,12,1000
Actor,TRUE,Scot Teller,nm9854804,,,13,1000
Actor,TRUE,Shawn Michael,nm2474489,,,14,1000
Actor,TRUE,Allie Moreno,nm7365180,,,15,1000
,,,,,,,
Movie,TRUE,SOULM8TE,tt32654916,Mainstream,0,,0
Director,TRUE,Kate Dolan,nm3951005,,,,
Actor,TRUE,Valerie Hanna,nm2599780,,,1,0
Actor,TRUE,David Rysdahl,nm3314705,,,2,0
Actor,TRUE,Claudia Doumit,nm4707628,,,3,0
Actor,TRUE,Lily Sullivan,nm4591498,,,4,0
Actor,TRUE,Oliver Cooper,nm3967796,,,5,0
Actor,TRUE,Steve Chusak,nm7067240,,,6,0
Actor,TRUE,Ossian Perret,nm9791464,,,7,0
Actor,TRUE,Jon Tarcy,nm6879708,,,8,0
Actor,TRUE,Isabelle Bonfrer,nm7717616,,,9,0
Actor,TRUE,Emma Ramos,nm4080915,,,10,0
Actor,TRUE,Nicholas Lane,nm12234612,,,11,0
Actor,TRUE,Robert Ashe,nm1143236,,,12,0
Actor,TRUE,Hannah Brady,nm8316387,,,13,0
Actor,TRUE,Charlie Kranz,nm0469818,,,14,0
Actor,TRUE,Harleen Sahota,nm15089436,,,15,0
,,,,,,,
Movie,TRUE,Wuthering Heights,tt32897959,Mainstream,50000000,,50000
Director,TRUE,Emerald Fennell,nm2193504,,,,15000
Actor,TRUE,Jacob Elordi,nm8624059,,,1,15000
Actor,TRUE,Margot Robbie,nm3053338,,,2,15000
Actor,TRUE,Alison Oliver,nm2519720,,,3,15000
Actor,TRUE,Owen Cooper,nm16369583,,,4,15000
Actor,TRUE,Hong Chau,nm2186865,,,5,15000
Actor,TRUE,Martin Clunes,nm0167340,,,6,10000
Actor,TRUE,Ewan Mitchell,nm7359071,,,7,10000
Actor,TRUE,Shazad Latif,nm3691746,,,8,10000
Actor,TRUE,Charlotte Mellington,nm17090711,,,9,10000
Actor,TRUE,Robert Cawsey,nm1660010,,,10,10000
Actor,TRUE,Vy Nguyen,nm17002043,,,11,5000
Actor,TRUE,Andrew Charles Davis,nm17431726,,,12,5000
,,,,,,,
Movie,TRUE,Primate,tt33028778,Mainstream,0,,0
Director,TRUE,Johannes Roberts,nm1266897,,,,
Actor,TRUE,Johnny Sequoyah,nm4292747,,,1,0
Actor,TRUE,Troy Kotsur,nm1319274,,,2,0
Actor,TRUE,Jessica Alexander,nm7987534,,,3,0
Actor,TRUE,Victoria Wyant,nm13480610,,,4,0
Actor,TRUE,Kevin McNally,nm0573618,,,5,0
Actor,TRUE,Ben Pronsky,nm1408690,,,6,0
Actor,TRUE,Kae Alexander,nm3664502,,,7,0
Actor,TRUE,Charlie Mann,nm7909596,,,8,0
Actor,TRUE,Gia Hunter,nm11073265,,,9,0
Actor,TRUE,Benjamin Cheng,nm16681745,,,10,0
Actor,TRUE,Stuart Whelan,nm8004657,,,11,0
Actor,TRUE,Tienne Simon,nm13760033,,,12,0
Actor,TRUE,Miguel Torres Umba,nm11749919,,,13,0
Actor,TRUE,Albert Magashi,nm8680644,,,14,0
Actor,TRUE,Amina Abdi,nm16582103,,,15,0
,,,,,,,
Movie,TRUE,The Drama,tt33071426,Indie,5000000,,25000
Director,TRUE,Kristoffer Borgli,nm5589501,,,,5000
Actor,TRUE,Robert Pattinson,nm1500155,,,1,5000
Actor,TRUE,Zendaya,nm3918035,,,2,5000
Actor,TRUE,Alana Haim,nm6076229,,,3,5000
Actor,TRUE,Zoë Winters,nm2925225,,,4,5000
Actor,TRUE,Michael Abbott Jr.,nm2534638,,,5,5000
Actor,TRUE,Mamoudou Athie,nm6974206,,,6,2500
Actor,TRUE,Hailey Gates,nm3687486,,,7,2500
Actor,TRUE,Sydney Lemmon,nm5517526,,,8,2500
Actor,TRUE,YaYa Gosselin,nm8533749,,,9,2500
Actor,TRUE,Jordyn Curet,nm4678576,,,10,2500
Actor,TRUE,Peyton Jackson,nm9848596,,,11,1000
Actor,TRUE,Chase Breithoff,nm16556830,,,12,1000
Actor,TRUE,Christopher C. James,nm13295247,,,13,1000
Actor,TRUE,Echo Campbell,nm7385087,,,14,1000
Actor,TRUE,Shawn Fogarty,nm1585038,,,15,1000
,,,,,,,
Movie,TRUE,Hoppers,tt33088413,Blockbuster,150000000,,100000
Director,TRUE,Daniel Chong,nm5512802,,,,25000
Actor,TRUE,Piper Curda,nm4552582,,,1,25000
Actor,TRUE,Bobby Moynihan,nm1293885,,,2,25000
Actor,TRUE,Jon Hamm,nm0358316,,,3,25000
,,,,,,,
Movie,TRUE,A Great Awakening,tt33305882,Indie,5000000,,25000
Director,TRUE,Joshua Enck,nm7530291,,,,5000
Actor,TRUE,John Paul Sneed,nm17802440,,,1,5000
Actor,TRUE,Jonathan Blair,nm7085459,,,2,5000
Actor,TRUE,Joe Dignoti,nm2639110,,,3,5000
Actor,TRUE,Stephen Foster Harris,nm4803342,,,4,5000
Actor,TRUE,Zac Johnson,nm8147320,,,5,5000
Actor,TRUE,Josh Bates,nm17033827,,,6,2500
Actor,TRUE,Matt Meyer,nm17656234,,,7,2500
,,,,,,,
Movie,TRUE,Ástin sem eftir er,tt33381401,Indie,5000000,,25000
Director,TRUE,Hlynur Pálmason,nm6249843,,,,5000
Actor,TRUE,Panda,nm17826789,,,1,5000
Actor,TRUE,Saga Garðarsdóttir,nm5574267,,,2,5000
Actor,TRUE,Ída Mekkín Hlynsdóttir,nm10588371,,,3,5000
Actor,TRUE,Sverrir Gudnason,nm0345695,,,4,5000
Actor,TRUE,Ingvar Sigurdsson,nm0797614,,,5,5000
Actor,TRUE,Anders Mossling,nm2017961,,,6,2500
Actor,TRUE,Katla M. Þorgeirsdóttir,nm1204753,,,7,2500
Actor,TRUE,Halldór Laxness Halldórsson,nm2282593,,,8,2500
Actor,TRUE,Grímur Hlynsson,nm13279799,,,9,2500
Actor,TRUE,Þorgils Hlynsson,nm13279801,,,10,2500
Actor,TRUE,Kristinn Guðmundsson,nm10780780,,,11,1000
,,,,,,,
Movie,TRUE,The Devil Wears Prada 2,tt33612209,Mainstream,50000000,,50000
Director,TRUE,David Frankel,nm0291205,,,,15000
Actor,TRUE,Meryl Streep,nm0000658,,,1,15000
Actor,TRUE,Stanley Tucci,nm0001804,,,2,15000
Actor,TRUE,Lucy Liu,nm0005154,,,3,15000
Actor,TRUE,Tracie Thoms,nm1139632,,,4,15000
Actor,TRUE,Kenneth Branagh,nm0000110,,,5,15000
Actor,TRUE,Rachel Bloom,nm3417385,,,6,10000
Actor,TRUE,Justin Theroux,nm0857620,,,7,10000
Actor,TRUE,Anne Hathaway,nm0004266,,,8,10000
Actor,TRUE,Sydney Sweeney,nm2858875,,,9,10000
Actor,TRUE,Patrick Brammall,nm1669772,,,10,10000
Actor,TRUE,Emily Blunt,nm1289434,,,11,5000
Actor,TRUE,B.J. Novak,nm1145983,,,12,5000
Actor,TRUE,Pauline Chalamet,nm6955492,,,13,5000
Actor,TRUE,Lady Gaga,nm3078932,,,14,5000
Actor,TRUE,Simone Ashley,nm7592760,,,15,5000
,,,,,,,
Movie,TRUE,Reminders of Him,tt33714084,Indie,5000000,,25000
Director,TRUE,Vanessa Caswill,nm2726305,,,,5000
Actor,TRUE,Lauren Graham,nm0334179,,,1,5000
Actor,TRUE,Bradley Whitford,nm0925966,,,2,5000
Actor,TRUE,Maika Monroe,nm2140860,,,3,5000
Actor,TRUE,Tyriq Withers,nm10635159,,,4,5000
Actor,TRUE,Jennifer Robertson,nm0731897,,,5,5000
Actor,TRUE,Lainey Wilson,nm12510840,,,6,2500
Actor,TRUE,Rudy Pankow,nm8837339,,,7,2500
Actor,TRUE,Hilary Jardine,nm3614878,,,8,2500
Actor,TRUE,Nicholas Duvernay,nm6721226,,,9,2500
Actor,TRUE,Jillian Walchuck,nm2198582,,,10,2500
Actor,TRUE,Rick Koy,nm12849279,,,11,1000
Actor,TRUE,Zoe Kosovic,nm16163382,,,12,1000
Actor,TRUE,Anne Hawthorne,nm1220886,,,13,1000
Actor,TRUE,Skye MacDonald,nm15560881,,,14,1000
Actor,TRUE,Monika Myers,nm17495208,,,15,1000
,,,,,,,
Movie,TRUE,Vie privée,tt33852162,Indie,5000000,,25000
Director,TRUE,Rebecca Zlotowski,nm2294243,,,,5000
Actor,TRUE,Jodie Foster,nm0000149,,,1,5000
Actor,TRUE,Daniel Auteuil,nm0000809,,,2,5000
Actor,TRUE,Virginie Efira,nm1812637,,,3,5000
Actor,TRUE,Mathieu Amalric,nm0023832,,,4,5000
Actor,TRUE,Vincent Lacoste,nm3228320,,,5,5000
Actor,TRUE,Luàna Bajrami,nm4714676,,,6,2500
Actor,TRUE,Noam Morgensztern,nm0605182,,,7,2500
Actor,TRUE,Sophie Guillemin,nm0347069,,,8,2500
Actor,TRUE,Frederick Wiseman,nm0936464,,,9,2500
Actor,TRUE,Aurore Clément,nm0167467,,,10,2500
Actor,TRUE,Irène Jacob,nm0001393,,,11,1000
Actor,TRUE,Park Ji-min,nm13973657,,,12,1000
Actor,TRUE,Jean Chevalier,nm7593798,,,13,1000
Actor,TRUE,Emma Ravier,nm16904879,,,14,1000
Actor,TRUE,Scott Agnesi Delpapierre,nm17333826,,,15,1000
,,,,,,,
Movie,TRUE,Ready or Not 2: Here I Come,tt33978029,Mainstream,50000000,,50000
Director,TRUE,Matt Bettinelli-Olpin,nm2366012,,,,15000
Director,TRUE,Tyler Gillett,nm2419470,,,,15000
Actor,TRUE,Samara Weaving,nm3034977,,,1,15000
Actor,TRUE,Elijah Wood,nm0000704,,,2,15000
Actor,TRUE,Shawn Hatosy,nm0004999,,,3,15000
Actor,TRUE,Sarah Michelle Gellar,nm0001264,,,4,15000
Actor,TRUE,Kevin Durand,nm0243806,,,5,15000
Actor,TRUE,Kathryn Newton,nm1105980,,,6,10000
Actor,TRUE,David Cronenberg,nm0000343,,,7,10000
Actor,TRUE,Nestor Carbonell,nm0004801,,,8,10000
Actor,TRUE,Maia Jae,nm1341876,,,9,10000
Actor,TRUE,Olivia Cheng,nm2138746,,,10,10000
Actor,TRUE,Dan Beirne,nm1222461,,,11,5000
Actor,TRUE,Varun Saranga,nm3532853,,,12,5000
Actor,TRUE,Emily Stranges,nm3257612,,,13,5000
Actor,TRUE,Masa Lizdek,nm5765981,,,14,5000
Actor,TRUE,Dave Rose,nm9738090,,,15,5000
,,,,,,,
Movie,TRUE,Sprunki: The Movie,tt33995693,Indie,5000000,,25000
Director,TRUE,Alexander Sandoval Tapia,nm14796748,,,,5000
Actor,TRUE,Alexander Sandoval Tapia,nm14796748,,,1,5000
Actor,TRUE,'Rebecca' D. Hernández Maya,nm17235261,,,2,5000
Actor,TRUE,Smokey the Cat,nm10224466,,,3,5000
Actor,TRUE,DoniChanVA,nm17168493,,,4,5000
Actor,TRUE,SwissNoodle,nm17168494,,,5,5000
Actor,TRUE,Binter,nm17168491,,,6,2500
Actor,TRUE,Endermate,nm17168486,,,7,2500
Actor,TRUE,Gustavo Lima R.,nm17168495,,,8,2500
Actor,TRUE,Jonás Gómez,nm7099240,,,9,2500
Actor,TRUE,KingdomOfMirrors,nm17168490,,,10,2500
Actor,TRUE,ClarkeBC,nm17168496,,,11,1000
Actor,TRUE,Suffo,nm17168497,,,12,1000
Actor,TRUE,Dillguy,nm17168487,,,13,1000
Actor,TRUE,Yellofarion,nm17168488,,,14,1000
Actor,TRUE,Kennedy Smith,nm17300230,,,15,1000
,,,,,,,
Movie,TRUE,The Breadwinner,tt34459219,Indie,5000000,,25000
Director,TRUE,Eric Appel,nm1926903,,,,5000
Actor,TRUE,Nate Bargatze,nm2567088,,,1,5000
Actor,TRUE,Will Forte,nm0287182,,,2,5000
Actor,TRUE,Charlene Amoia,nm1006439,,,3,5000
Actor,TRUE,Kumail Nanjiani,nm3529685,,,4,5000
Actor,TRUE,Kate Berlant,nm2547958,,,5,5000
Actor,TRUE,Mandy Moore,nm0601553,,,6,2500
Actor,TRUE,Zach Cherry,nm7100086,,,7,2500
Actor,TRUE,Marvin E. West,nm1218295,,,8,2500
Actor,TRUE,Danielle Gross,nm4594868,,,9,2500
Actor,TRUE,Charity Cervantes,nm6082748,,,10,2500
Actor,TRUE,Martin Herlihy,nm11958939,,,11,1000
Actor,TRUE,Charlotte Ann Tucker,nm12872957,,,12,1000
Actor,TRUE,Colin Jost,nm1906042,,,13,1000
Actor,TRUE,Stella Grace Fitzgerald,nm12470476,,,14,1000
Actor,TRUE,Birdie Borria,nm12257385,,,15,1000
,,,,,,,
Movie,TRUE,I Can Only Imagine 2,tt34888646,Indie,5000000,,25000
Director,TRUE,Andrew Erwin,nm3401779,,,,5000
Director,TRUE,Brent Mccorkle,nm3634546,,,,5000
Actor,TRUE,Arielle Kebbel,nm0444223,,,1,5000
Actor,TRUE,Dennis Quaid,nm0000598,,,2,5000
Actor,TRUE,Milo Ventimiglia,nm0893257,,,3,5000
Actor,TRUE,Sophie Skelton,nm5310225,,,4,5000
Actor,TRUE,Trace Adkins,nm0012081,,,5,5000
Actor,TRUE,Jason Burkey,nm3600327,,,6,2500
Actor,TRUE,Anjelah Johnson-Reyes,nm2269297,,,7,2500
Actor,TRUE,Joshua Bassett,nm7481311,,,8,2500
Actor,TRUE,Jobie James,nm13169955,,,9,2500
Actor,TRUE,John Michael Finley,nm8722479,,,10,2500
Actor,TRUE,Abby Glover,nm7696998,,,11,1000
Actor,TRUE,Sammy Dell,nm12265087,,,12,1000
Actor,TRUE,Del Sable,nm17233107,,,13,1000
Actor,TRUE,James Shaw III,nm17255369,,,14,1000
Actor,TRUE,Precious Johnson,nm6325213,,,15,1000
,,,,,,,
Movie,TRUE,Hateshinaki Sukâretto,tt35114460,Mainstream,0,,0
Director,TRUE,Mamoru Hosoda,nm0396074,,,,
Actor,TRUE,Mana Ashida,nm3870544,,,1,0
Actor,TRUE,Masaki Okada,nm2347861,,,2,0
Actor,TRUE,Masachika Ichimura,nm0406754,,,3,0
Actor,TRUE,Kôji Yakusho,nm0945131,,,4,0
Actor,TRUE,Yuki Saitô,nm0756877,,,5,0
Actor,TRUE,Yutaka Matsushige,nm0559647,,,6,0
Actor,TRUE,Kôtarô Yoshida,nm7139946,,,7,0
Actor,TRUE,Munetaka Aoki,nm1328568,,,8,0
Actor,TRUE,Kazuhiro Yamaji,nm0945377,,,9,0
Actor,TRUE,Shôta Sometani,nm2202409,,,10,0
Actor,TRUE,Tokio Emoto,nm2320634,,,11,0
Actor,TRUE,Kayoko Shiraishi,nm0794189,,,12,0
Actor,TRUE,Noa Shiroyama,nm15338271,,,13,0
Actor,TRUE,Michio Hazama,nm0371874,,,14,0
Actor,TRUE,Mamoru Miyano,nm1465001,,,15,0
,,,,,,,
Movie,TRUE,VHS Summer Camp,tt35131160,Indie,5000000,,25000
Director,TRUE,James Pinard,nm14628726,,,,5000
Actor,TRUE,Drake Clowes,nm14271649,,,1,5000
Actor,TRUE,Alexis Baca,nm12913807,,,2,5000
Actor,TRUE,Kevin Kedgley,nm10198491,,,3,5000
Actor,TRUE,Grace Schnitzius,nm11754881,,,4,5000
Actor,TRUE,Lonnie Jackson,nm14347790,,,5,5000
Actor,TRUE,Shawn Alexander Thompson,nm12233635,,,6,2500
Actor,TRUE,Nick Lepak,nm17574164,,,7,2500
Actor,TRUE,Raymond Sostre,nm14961350,,,8,2500
Actor,TRUE,Derrick Clowes,nm12713263,,,9,2500
Actor,TRUE,Alexa Comeau,nm15147201,,,10,2500
Actor,TRUE,Juliana Parris,nm11559382,,,11,1000
Actor,TRUE,Amanda Gazy,nm10109272,,,12,1000
Actor,TRUE,Max Caden,nm14194485,,,13,1000
Actor,TRUE,Harrison Beeson,nm14628727,,,14,1000
Actor,TRUE,Mackenzie Adamek,nm15779691,,,15,1000
,,,,,,,
Movie,TRUE,The Moment,tt35524793,Indie,5000000,,25000
Director,TRUE,Aidan Zamiri,nm11789308,,,,5000
Actor,TRUE,Alexander Skarsgård,nm0002907,,,1,5000
Actor,TRUE,Rachel Sennott,nm6976735,,,2,5000
Actor,TRUE,Rosanna Arquette,nm0000275,,,3,5000
Actor,TRUE,Kylie Jenner,nm2832473,,,4,5000
Actor,TRUE,Jamie Demetriou,nm5857152,,,5,5000
Actor,TRUE,Kate Berlant,nm2547958,,,6,2500
Actor,TRUE,Charli XCX,nm6424616,,,7,2500
Actor,TRUE,Hailey Gates,nm3687486,,,8,2500
Actor,TRUE,Arielle Dombasle,nm0231319,,,9,2500
Actor,TRUE,Rish Shah,nm9169920,,,10,2500
Actor,TRUE,Isaac Powell,nm7060126,,,11,1000
Actor,TRUE,Michael Workeye,nm10862576,,,12,1000
Actor,TRUE,Trew Mullen,nm7464789,,,13,1000
Actor,TRUE,Sarah Beck Mather,nm2440329,,,14,1000
Actor,TRUE,Riana Duce,nm5198386,,,15,1000
,,,,,,,
Movie,TRUE,Hokum,tt35672862,Indie,5000000,,25000
Director,TRUE,Damian Mc Carthy,nm2163762,,,,5000
Actor,TRUE,Adam Scott,nm0004395,,,1,5000
Actor,TRUE,David Wilmot,nm0932837,,,2,5000
Actor,TRUE,Austin Amelio,nm3994184,,,3,5000
Actor,TRUE,Florence Ordesh,nm3932437,,,4,5000
Actor,TRUE,Peter Coonan,nm0177742,,,5,5000
Actor,TRUE,Michael Patric,nm2789088,,,6,2500
Actor,TRUE,Will O'Connell,nm3727276,,,7,2500
Actor,TRUE,Sioux Carroll,nm17908442,,,8,2500
Actor,TRUE,Brendan Conroy,nm0175796,,,9,2500
Actor,TRUE,Ezra Carlisle,nm14053572,,,10,2500
Actor,TRUE,Mallory Adams,nm3641402,,,11,1000
Actor,TRUE,Siox C,nm17634921,,,12,1000
,,,,,,,
Movie,TRUE,The Confession,tt35838700,Indie,5000000,,25000
Director,TRUE,Will Canon,nm1949943,,,,5000
Actor,TRUE,Scott Mechlowicz,nm1310709,,,1,5000
Actor,TRUE,Terence Rosemore,nm0741893,,,2,5000
Actor,TRUE,Vince Eisenson,nm5209540,,,3,5000
Actor,TRUE,Jay DeVon Johnson,nm2976886,,,4,5000
Actor,TRUE,Allie McCulloch,nm1090591,,,5,5000
Actor,TRUE,Ron Fallica,nm1707913,,,6,2500
Actor,TRUE,Troy Rudeseal,nm1490451,,,7,2500
Actor,TRUE,Justin Matthew Smith,nm1131775,,,8,2500
Actor,TRUE,Italia Ricci,nm2680758,,,9,2500
Actor,TRUE,Keeley Kollmann,nm10990361,,,10,2500
Actor,TRUE,Zachary Golinger,nm10676334,,,11,1000
Actor,TRUE,Fleming Moore,nm11438083,,,12,1000
Actor,TRUE,Craig Kolkebeck,nm1796362,,,13,1000
,,,,,,,
Movie,TRUE,Undertone,tt35892608,Indie,5000000,,25000
Director,TRUE,Ian Tuason,nm3688666,,,,5000
Actor,TRUE,Nina Kiri,nm4767728,,,1,5000
Actor,TRUE,Kris Holden-Ried,nm0390285,,,2,5000
Actor,TRUE,Michèle Duquet,nm0243630,,,3,5000
Actor,TRUE,Brian Quintero,nm5250031,,,4,5000
Actor,TRUE,Adam DiMarco,nm4348240,,,5,5000
Actor,TRUE,Jeff Yung,nm3449987,,,6,2500
Actor,TRUE,Ryan Turner,nm2829844,,,7,2500
Actor,TRUE,Keana Lyn Bastidas,nm1341875,,,8,2500
Actor,TRUE,Sarah Beaudin,nm6082230,,,9,2500
Actor,TRUE,Christina Notto,nm3216867,,,10,2500
,,,,,,,
Movie,TRUE,Big Daddy 3,tt36122764,Indie,5000000,,25000
Director,TRUE,Blaine Maxwell,nm14780891,,,,5000
Actor,TRUE,Anthony Cates,nm17103461,,,1,5000
Actor,TRUE,Elias Elsner,nm14782792,,,2,5000
Actor,TRUE,Hieronymus Fontaine,nm17103764,,,3,5000
Actor,TRUE,Nick Harpring,nm17103463,,,4,5000
Actor,TRUE,Blaine Maxwell,nm14780891,,,5,5000
Actor,TRUE,Evan Miller,nm17126561,,,6,2500
Actor,TRUE,Emily Ogrentz,nm17103796,,,7,2500
Actor,TRUE,Aidan Wolfe,nm17103724,,,8,2500
,,,,,,,
Movie,TRUE,Ôru Yû Nîdo Izu Kiru,tt36148135,Indie,5000000,,25000
Director,TRUE,Ken'ichirô Akimoto,nm3811974,,,,5000
Director,TRUE,Yukinori Nakamura,nm10764478,,,,5000
Actor,TRUE,Ai Mikami,nm12004747,,,1,5000
Actor,TRUE,Natsuki Hanae,nm5137121,,,2,5000
Actor,TRUE,Kana Hanazawa,nm2573928,,,3,5000
Actor,TRUE,Hiccorohee,nm13520267,,,4,5000
Actor,TRUE,Mô Chûgakusei,nm3530022,,,5,5000
,,,,,,,
Movie,TRUE,"You, Me & Tuscany",tt36352591,Indie,5000000,,25000
Director,TRUE,Kat Coiro,nm0192478,,,,5000
Actor,TRUE,Regé-Jean Page,nm2074546,,,1,5000
Actor,TRUE,Halle Bailey,nm1782991,,,2,5000
Actor,TRUE,Marco Calvani,nm2862123,,,3,5000
Actor,TRUE,Lorenzo de Moor,nm6716083,,,4,5000
Actor,TRUE,Stefania Casini,nm0143743,,,5,5000
Actor,TRUE,Isabella Ferrari,nm0274088,,,6,2500
Actor,TRUE,Aziza Scott,nm7850915,,,7,2500
Actor,TRUE,Desirèe Pöpper,nm6330077,,,8,2500
Actor,TRUE,Paolo Sassanelli,nm0765924,,,9,2500
Actor,TRUE,Stella Pecollo,nm4836245,,,10,2500
Actor,TRUE,Tommaso Cassissa,nm14032790,,,11,1000
Actor,TRUE,Emanuele Pacca,nm12107212,,,12,1000
Actor,TRUE,Giulia Agosta,nm14011663,,,13,1000
,,,,,,,
Movie,TRUE,Mamlaket al-qasab,tt36580119,Mainstream,0,,0
Director,TRUE,Hasan Hadi,nm11244976,,,,
Actor,TRUE,Baneen Ahmad Nayyef,nm17253979,,,1,0
Actor,TRUE,Waheed Thabet Khreibat,nm17253981,,,2,0
Actor,TRUE,Sajad Mohamad Qasem,nm17253980,,,3,0
Actor,TRUE,Muthanna Malaghi,nm17368629,,,4,0
Actor,TRUE,Ahmad Qasem Saywan,nm17368635,,,5,0
Actor,TRUE,Maytham Mreidi,nm17368631,,,6,0
Actor,TRUE,Rahim AlHaj,nm9286783,,,7,0
Actor,TRUE,Thaer Salem,nm17368622,,,8,0
Actor,TRUE,Ali Khalaf,nm17368639,,,9,0
Actor,TRUE,Fatima Abouharoon,nm17368630,,,10,0
Actor,TRUE,Mahmoud Mazen Lazen,nm17368619,,,11,0
Actor,TRUE,Aqeel Wadi,nm17368640,,,12,0
Actor,TRUE,Mohammed Rheimeh,nm17368623,,,13,0
Actor,TRUE,Rokia Alwadi,nm17368632,,,14,0
Actor,TRUE,Ali Saddam Najem,nm17368624,,,15,0
,,,,,,,
Movie,TRUE,Ken,tt36667493,Indie,5000000,,25000
Director,TRUE,Nadav Lapid,nm2028715,,,,5000
Actor,TRUE,Ariel Bronz,nm6187769,,,1,5000
Actor,TRUE,Efrat Dor,nm3575889,,,2,5000
Actor,TRUE,Naama Preis,nm6395451,,,3,5000
Actor,TRUE,Aleksey Serebryakov,nm0148516,,,4,5000
Actor,TRUE,Sharon Alexander,nm0018745,,,5,5000
Actor,TRUE,Pablo Pillaud-Vivien,nm9369758,,,6,2500
Actor,TRUE,Idit Teperson,nm0853880,,,7,2500
Actor,TRUE,Meir Fenigstein,nm0271845,,,8,2500
Actor,TRUE,Amit Narovliansky,nm17724537,,,9,2500
Actor,TRUE,Ellie Ohana,nm17724534,,,10,2500
Actor,TRUE,Joy Ohana,nm17724529,,,11,1000
Actor,TRUE,Noah Lapid Preis,nm12713485,,,12,1000
Actor,TRUE,Asaf Jonas,nm12755715,,,13,1000
Actor,TRUE,Shira Shaish,nm17330064,,,14,1000
Actor,TRUE,Daria Gilat Brenner,nm17724527,,,15,1000
,,,,,,,
Movie,TRUE,Il falsario,tt36741457,Indie,5000000,,25000
Director,TRUE,Stefano Lodovichi,nm4442594,,,,5000
Actor,TRUE,Andrea Arcangeli,nm5585519,,,1,5000
Actor,TRUE,Mauro Aversano,nm2637242,,,2,5000
Actor,TRUE,Pietro Castellitto,nm3661207,,,3,5000
Actor,TRUE,Pierluigi Gigante,nm10827171,,,4,5000
Actor,TRUE,Aurora Giovinazzo,nm4429734,,,5,5000
Actor,TRUE,Francesco La Mantia,nm3820368,,,6,2500
Actor,TRUE,Giulia Michelini,nm1323665,,,7,2500
Actor,TRUE,Edoardo Pesce,nm3034455,,,8,2500
Actor,TRUE,Claudio Santamaria,nm0763216,,,9,2500
Actor,TRUE,Michael Schermi,nm2779264,,,10,2500
Actor,TRUE,Carlo Tozzi,nm5537427,,,11,1000
,,,,,,,
Movie,TRUE,Woman to Woman,tt36817730,Indie,5000000,,25000
Director,TRUE,Tonja Ayers,nm7497304,,,,5000
Director,TRUE,Rockey Black,nm1271314,,,,5000
Actor,TRUE,Tonja Brown,nm10771694,,,1,5000
Actor,TRUE,Krystal Monique,nm13662602,,,2,5000
Actor,TRUE,Chelsie Sutherland,nm11124809,,,3,5000
Actor,TRUE,Sydni Janeé,nm15322472,,,4,5000
Actor,TRUE,Quentin Sharpe,nm12142438,,,5,5000
Actor,TRUE,Nadia Calhoun,nm12872217,,,6,2500
Actor,TRUE,DaVonta Nathan-Miller,nm15808101,,,7,2500
Actor,TRUE,Michael Davis,nm15186552,,,8,2500
Actor,TRUE,Kayla Von,nm12875776,,,9,2500
Actor,TRUE,Frank White,nm12905212,,,10,2500
Actor,TRUE,Helki Jackson,nm17272910,,,11,1000
Actor,TRUE,Alicia White,nm15397541,,,12,1000
Actor,TRUE,Jasmine Jones,nm17272909,,,13,1000
Actor,TRUE,Russell Norcross,nm9796843,,,14,1000
Actor,TRUE,Chaquita Dudley,nm13603129,,,15,1000
,,,,,,,
Movie,TRUE,The Conspiracists,tt36967910,Indie,5000000,,25000
Director,TRUE,Michael Perrie Jr.,nm4077695,,,,5000
Actor,TRUE,Terrie Lynne,nm10683087,,,1,5000
Actor,TRUE,Christopher Murray,nm4521515,,,2,5000
Actor,TRUE,Carly Otte,nm6271958,,,3,5000
Actor,TRUE,Valarie Perez-Schere,nm6112328,,,4,5000
Actor,TRUE,Brian Ray,nm5426124,,,5,5000
Actor,TRUE,Matt Steiner,nm5256407,,,6,2500
Actor,TRUE,Scarlett Redmond,nm3381988,,,7,2500
Actor,TRUE,John Jezior,nm1888976,,,8,2500
Actor,TRUE,Noah Berry,nm17311977,,,9,2500
Actor,TRUE,Nikki Mirza,nm17311975,,,10,2500
Actor,TRUE,Guy Wellman,nm3805900,,,11,1000
Actor,TRUE,Connor James Reilly,nm16802985,,,12,1000
Actor,TRUE,Michael Perrie Jr.,nm4077695,,,13,1000
,,,,,,,
Movie,TRUE,Teenage Mutant Ninja Turtles: Echoes of the ooze,tt37312835,Mainstream,50000000,,50000
Director,TRUE,Jonah Camey,nm17100936,,,,15000
Actor,TRUE,Darren Cole,nm17227519,,,1,15000
Actor,TRUE,Aaron Blake,nm17227726,,,2,15000
Actor,TRUE,Julian Mercer,nm17227523,,,3,15000
Actor,TRUE,Marcus Langford,nm17227521,,,4,15000
,,,,,,,
Movie,TRUE,Relevant Evil,tt37544031,Indie,5000000,,25000
Director,TRUE,Leonardo Pulido,nm16748057,,,,5000
Director,TRUE,Bella Martinez,nm16748058,,,,5000
Actor,TRUE,Bella Martinez,nm16748058,,,1,5000
Actor,TRUE,Leonardo Pulido,nm16748057,,,2,5000
Actor,TRUE,Valery Cisneros,nm16748059,,,3,5000
Actor,TRUE,Alondra Frias,nm17483661,,,4,5000
Actor,TRUE,Charlie Holmes,nm17559267,,,5,5000
Actor,TRUE,Miranda Molina,nm17483660,,,6,2500
Actor,TRUE,Evelia Ramirez,nm17483662,,,7,2500
Actor,TRUE,Salome Pulido,nm17483659,,,8,2500
Actor,TRUE,Amelia Davis,nm17483663,,,9,2500
,,,,,,,
Movie,TRUE,Broken,tt37969114,Indie,5000000,,25000
Director,TRUE,Nate Taylor,nm7194508,,,,5000
Actor,TRUE,Hayley Johnson,nm17086216,,,1,5000
Actor,TRUE,Basia Maczka,nm5196823,,,2,5000
Actor,TRUE,Stephanie Ayala,nm14019203,,,3,5000
Actor,TRUE,Mario Beverly,nm9125775,,,4,5000
Actor,TRUE,Heather Bayles,nm14807868,,,5,5000
Actor,TRUE,Nate Taylor,nm7194508,,,6,2500
Actor,TRUE,Ricky Quintana,nm16665630,,,7,2500
Actor,TRUE,Marshare Polk,nm9451858,,,8,2500
Actor,TRUE,Katarina Alaupovic,nm17613629,,,9,2500
Actor,TRUE,Amanda Zuhse,nm13112306,,,10,2500
Actor,TRUE,Laura Allen,nm8318837,,,11,1000
Actor,TRUE,Jarrett Blandin,nm9681739,,,12,1000
Actor,TRUE,Solomon Paulk,nm12483140,,,13,1000
Actor,TRUE,Faith Richardson,nm16788574,,,14,1000
Actor,TRUE,Erica McNary,nm14046880,,,15,1000
,,,,,,,
Movie,TRUE,The Super Mario Galaxy Movie,tt38268408,Blockbuster,150000000,,100000
Director,TRUE,Aaron Horvath,nm1739338,,,,25000
Director,TRUE,Michael Jelenic,nm2398585,,,,25000
Actor,TRUE,Jack Black,nm0085312,,,1,25000
Actor,TRUE,Anya Taylor-Joy,nm5896355,,,2,25000
Actor,TRUE,Chris Pratt,nm0695435,,,3,25000
Actor,TRUE,Keegan-Michael Key,nm1221047,,,4,25000
Actor,TRUE,Charlie Day,nm0206359,,,5,25000
Actor,TRUE,Kevin Michael Richardson,nm0724656,,,6,15000
,,,,,,,
Movie,TRUE,DJ Gabe: The Movie,tt38565044,Indie,5000000,,25000
Director,TRUE,Gabriel Winters,nm15206409,,,,5000
Actor,TRUE,Ben Atkin,nm17732590,,,1,5000
Actor,TRUE,Darien Dybowski,nm17732587,,,2,5000
Actor,TRUE,Max Finnie,nm17732584,,,3,5000
Actor,TRUE,Tyrell Holden,nm17732594,,,4,5000
Actor,TRUE,Aaron Hubbard,nm17732593,,,5,5000
Actor,TRUE,Atlas Hubbard,nm15206408,,,6,2500
Actor,TRUE,Shannon Hubbard,nm17732585,,,7,2500
Actor,TRUE,Braelynn Rynearson,nm17732592,,,8,2500
Actor,TRUE,Braxton Rynearson,nm17732583,,,9,2500
Actor,TRUE,Hadleigh Rynearson,nm17732591,,,10,2500
Actor,TRUE,Kaleb Scheid,nm17732595,,,11,1000
Actor,TRUE,Bella Stone,nm17732588,,,12,1000
Actor,TRUE,Brandon Stone,nm17732586,,,13,1000
Actor,TRUE,Gabriel Winters,nm15206409,,,14,1000
Actor,TRUE,Sam Winters,nm17732589,,,15,1000
,,,,,,,
Movie,TRUE,Machiavelli Story of yum66,tt38584143,Indie,5000000,,25000
Director,TRUE,Brad Romeo Hodge,nm3078249,,,,5000
Actor,TRUE,Hugo Hodge,nm15238977,,,1,5000
,,,,,,,
Movie,TRUE,Six String Sky,tt38625188,Indie,5000000,,25000
Director,TRUE,Jordan Wilson,nm17755972,,,,5000
Actor,TRUE,Max Staines,nm17755973,,,1,5000
Actor,TRUE,Sadie Padiath,nm17755971,,,2,5000
Actor,TRUE,Eric Fiedler,nm17884142,,,3,5000
Actor,TRUE,Dave Staines,nm17884141,,,4,5000
Actor,TRUE,Evan Brubacher,nm17923781,,,5,5000
Actor,TRUE,Jordan Wilson,nm17755972,,,6,2500
,,,,,,,
Movie,TRUE,Insulation,tt38854597,Indie,5000000,,25000
Director,TRUE,Arken Wheeler,nm15273668,,,,5000
Actor,TRUE,Arturo Lalaina,nm17852702,,,1,5000
Actor,TRUE,Andy Sumo,nm17852700,,,2,5000
Actor,TRUE,Rene Fulgence Tovondrainy,nm13755285,,,3,5000
Actor,TRUE,Arken Wheeler,nm15273668,,,4,5000
Actor,TRUE,Lauryelle Wheeler,nm17852701,,,5,5000
,,,,,,,
Movie,TRUE,Sudden Light,tt38973788,Indie,5000000,,25000
Director,TRUE,Gregory Hatanaka,nm0368693,,,,5000
Actor,TRUE,Chris Spinelli,nm0818885,,,1,5000
Actor,TRUE,Lisa London,nm0518739,,,2,5000
Actor,TRUE,Emiko Ishii,nm4316748,,,3,5000
Actor,TRUE,Barry Sattels,nm0433209,,,4,5000
Actor,TRUE,Dawna Lee Heising,nm3148014,,,5,5000
Actor,TRUE,Luca Luca Toumadi,nm10468887,,,6,2500
Actor,TRUE,Masashi Ishizuka,nm3942847,,,7,2500
Actor,TRUE,Bryan Brewer,nm0108122,,,8,2500
Actor,TRUE,Louis DeStefano,nm6221680,,,9,2500
Actor,TRUE,Saint Heart,nm5017177,,,10,2500
Actor,TRUE,Joycelyne Lew,nm0506706,,,11,1000
Actor,TRUE,Scott Hillman,nm3550484,,,12,1000
Actor,TRUE,Johnny Mask,nm0556438,,,13,1000
Actor,TRUE,Sofia Studenikina,nm17559722,,,14,1000
Actor,TRUE,Jay Hewlett,nm2578439,,,15,1000
,,,,,,,
Movie,TRUE,Dialing Death,tt39041929,Indie,5000000,,25000
Director,TRUE,Daniel Tucker,nm11334123,,,,5000
Actor,TRUE,Les Best,nm5222815,,,1,5000
Actor,TRUE,Jaden Wesley Brown,nm14947890,,,2,5000
Actor,TRUE,Frederick Burns,nm17918651,,,3,5000
Actor,TRUE,Ardi Challenger,nm17918647,,,4,5000
Actor,TRUE,James Culp,nm17918648,,,5,5000
Actor,TRUE,Regan Etter,nm17918650,,,6,2500
Actor,TRUE,Chiara McCarty,nm4594573,,,7,2500
Actor,TRUE,Pierce Polomsky,nm16474878,,,8,2500
Actor,TRUE,Reagan Purrington,nm17918645,,,9,2500
Actor,TRUE,Glory Rodriguez,nm12117523,,,10,2500
Actor,TRUE,Cooper Smith,nm16606982,,,11,1000
,,,,,,,
Movie,TRUE,Twin,tt39094274,Indie,5000000,,25000
Director,TRUE,Chris Stokes,nm0831321,,,,5000
Actor,TRUE,Drew Sidora,nm0796676,,,1,5000
Actor,TRUE,Jensen Atwood,nm1654523,,,2,5000
Actor,TRUE,Chrissy Stokes,nm4169986,,,3,5000
Actor,TRUE,Ken Lawson,nm3691225,,,4,5000
Actor,TRUE,Cynthia Moten,nm7392824,,,5,5000
,,,,,,,
Movie,TRUE,"Saucers, Spooks and Kooks",tt39095446,Indie,5000000,,25000
Director,TRUE,Christopher Graybill,nm3591407,,,,5000
Actor,TRUE,Dan Carbone,nm3968644,,,1,5000
,,,,,,,
Movie,TRUE,The Laksman,tt39117217,Indie,5000000,,25000
Director,TRUE,Sierra Clark,nm11754959,,,,5000
Actor,TRUE,Chase Breithoff,nm16556830,,,1,5000
Actor,TRUE,Kevin Toy,nm9942522,,,2,5000
,,,,,,,
Movie,TRUE,Unrequited,tt39132261,Indie,5000000,,25000
Actor,TRUE,Zulay Henao,nm1748489,,,1,5000
Actor,TRUE,Brian White,nm0924552,,,2,5000
Actor,TRUE,Cat Sackett,nm11738914,,,3,5000
Actor,TRUE,Gallienne Nabila,nm17959840,,,4,5000
Actor,TRUE,Loren Paul,nm2079299,,,5,5000
,,,,,,,
Movie,TRUE,Puzzled Literature,tt39176077,Indie,5000000,,25000
Director,TRUE,Lasheda Wallace,nm17594339,,,,5000
Actor,TRUE,Courtney Abbott,nm17594439,,,1,5000
Actor,TRUE,Kevin Baker,nm10461530,,,2,5000
Actor,TRUE,Everette Benton Jr.,nm17594440,,,3,5000
Actor,TRUE,Khaleel Hawkins,nm16344313,,,4,5000
Actor,TRUE,Ronnie Hudson II,nm11288707,,,5,5000
Actor,TRUE,Hunter Jones,nm16603499,,,6,2500
Actor,TRUE,Bluu J King,nm9963005,,,7,2500
Actor,TRUE,Raheem Lavelle,nm17594383,,,8,2500
Actor,TRUE,Ashlee Lawhorn,nm13043953,,,9,2500
Actor,TRUE,Cheterra McCray,nm11747122,,,10,2500
Actor,TRUE,Crystal McGee,nm10819251,,,11,1000
Actor,TRUE,Robert Upton,nm7951669,,,12,1000
Actor,TRUE,Inglish Washington,nm16911130,,,13,1000
Actor,TRUE,Josephine Wells,nm14426907,,,14,1000
,,,,,,,
Movie,TRUE,How to Make a Killing,tt4357198,Indie,5000000,,25000
Director,TRUE,John Patton Ford,nm3621304,,,,5000
Actor,TRUE,Glen Powell,nm1412974,,,1,5000
Actor,TRUE,Margaret Qualley,nm4960279,,,2,5000
Actor,TRUE,Ed Harris,nm0000438,,,3,5000
Actor,TRUE,Andre Jacobs,nm0414325,,,4,5000
Actor,TRUE,Sean Cameron Michael,nm0584206,,,5,5000
Actor,TRUE,Bill Camp,nm0131966,,,6,2500
Actor,TRUE,Joe Vaz,nm1978748,,,7,2500
Actor,TRUE,Robert Hobbs,nm1193091,,,8,2500
Actor,TRUE,Topher Grace,nm0333410,,,9,2500
Actor,TRUE,Zach Woods,nm2046855,,,10,2500
Actor,TRUE,Stevel Marc,nm2987241,,,11,1000
Actor,TRUE,Jessica Henwick,nm3725055,,,12,1000
Actor,TRUE,James Frecheville,nm3306943,,,13,1000
Actor,TRUE,Gabe Gabriel,nm5520267,,,14,1000
Actor,TRUE,Bianca Amato,nm2721016,,,15,1000
,,,,,,,
Movie,TRUE,The Format,tt7584540,Indie,5000000,,25000
Director,TRUE,Vimalraj Jayaseelan,nm5234119,,,,5000
Actor,TRUE,Denny Castiglione,nm5821171,,,1,5000
Actor,TRUE,Giovanni Castiglione,nm5875245,,,2,5000
Actor,TRUE,Alex DeCourville,nm4217490,,,3,5000
Actor,TRUE,John Fecek,nm6243560,,,4,5000
Actor,TRUE,Logan Fry,nm2706291,,,5,5000
Actor,TRUE,Cora Higgins,nm7337268,,,6,2500
Actor,TRUE,Vimalraj Jayaseelan,nm5234119,,,7,2500
Actor,TRUE,Crissy Kolarik,nm5257008,,,8,2500
Actor,TRUE,Beverly Kristy,nm1708887,,,9,2500
Actor,TRUE,Meghana Lynn,nm6206019,,,10,2500
Actor,TRUE,John Maslowski,nm6646992,,,11,1000
Actor,TRUE,Molly Miller,nm5276165,,,12,1000
Actor,TRUE,Tim Novotny,nm5055564,,,13,1000
Actor,TRUE,Deborah Ochwat,nm6457325,,,14,1000
Actor,TRUE,Lynda Santa,nm5474416,,,15,1000
,,,,,,,
Movie,TRUE,Send Help,tt8036976,Indie,5000000,,25000
Director,TRUE,Sam Raimi,nm0000600,,,,5000
Actor,TRUE,Rachel McAdams,nm1046097,,,1,5000
Actor,TRUE,Dylan O'Brien,nm3729721,,,2,5000
Actor,TRUE,Bruce Campbell,nm0132257,,,3,5000
Actor,TRUE,Dennis Haysbert,nm0371660,,,4,5000
Actor,TRUE,Xavier Samuel,nm1882152,,,5,5000
Actor,TRUE,Chris Pang,nm3616779,,,6,2500
Actor,TRUE,Emma Raimi,nm2632521,,,7,2500
Actor,TRUE,Edyll Ismail,nm11590114,,,8,2500
Actor,TRUE,Thaneth Warakulnukroh,nm8649220,,,9,2500
Actor,TRUE,Brad Flett,nm13874494,,,10,2500
,,,,,,,
Movie,TRUE,Night Patrol,tt8637438,Indie,5000000,,25000
Director,TRUE,Ryan Prows,nm1768217,,,,5000
Actor,TRUE,Dermot Mulroney,nm0000551,,,1,5000
Actor,TRUE,Justin Long,nm0519043,,,2,5000
Actor,TRUE,Jermaine Fowler,nm1854664,,,3,5000
Actor,TRUE,CM Punk,nm1516006,,,4,5000
Actor,TRUE,RJ Cyler,nm5518972,,,5,5000
Actor,TRUE,Kim Yarbrough,nm3187683,,,6,2500
Actor,TRUE,Mike Ferguson,nm8279086,,,7,2500
Actor,TRUE,Nicki Micheaux,nm0584777,,,8,2500
Actor,TRUE,Evan Shafran,nm2818129,,,9,2500
Actor,TRUE,Flying Lotus,nm2196468,,,10,2500
Actor,TRUE,Freddie Gibbs,nm6248528,,,11,1000
Actor,TRUE,Zuri Reed,nm4130330,,,12,1000
Actor,TRUE,Colin Young,nm16588674,,,13,1000
Actor,TRUE,YG,nm4396539,,,14,1000
Actor,TRUE,Jon Oswald,nm4880405,,,15,1000
,,,,,,,
Movie,TRUE,The Chronology of Water,tt8667404,Indie,5000000,,25000
Director,TRUE,Kristen Stewart,nm0829576,,,,5000
Actor,TRUE,Imogen Poots,nm1782299,,,1,5000
Actor,TRUE,Thora Birch,nm0000301,,,2,5000
Actor,TRUE,Jim Belushi,nm0000902,,,3,5000
Actor,TRUE,Michael Epp,nm1981574,,,4,5000
Actor,TRUE,Charlie Carrick,nm2901686,,,5,5000
Actor,TRUE,Tom Sturridge,nm0836432,,,6,2500
Actor,TRUE,Jeremy Ang Jones,nm9356204,,,7,2500
Actor,TRUE,Kim Gordon,nm0330371,,,8,2500
Actor,TRUE,Peter Rundle,nm3169113,,,9,2500
Actor,TRUE,Earl Cave,nm5994881,,,10,2500
Actor,TRUE,Anton Lytvynov,nm16640248,,,11,1000
Actor,TRUE,Dominik Gabriel Roseti,nm14203699,,,12,1000
Actor,TRUE,Hal Weaver,nm1756253,,,13,1000
Actor,TRUE,Esme Allen,nm11207753,,,14,1000
Actor,TRUE,Susannah Flood,nm7099497,,,15,1000
,,,,,,,
Movie,TRUE,The Third Parent,tt8702454,Indie,5000000,,25000
Director,TRUE,David Michaels,nm0584317,,,,5000
Actor,TRUE,Rob Lowe,nm0000507,,,1,5000
Actor,TRUE,Crispin Glover,nm0000417,,,2,5000
Actor,TRUE,Roselyn Sanchez,nm0761052,,,3,5000
Actor,TRUE,Bethany Milner,nm11528499,,,4,5000
Actor,TRUE,Rafael de Belligny,nm16698698,,,5,5000
Actor,TRUE,Kevin Ezekiel Ogunleye,nm8354959,,,6,2500
Actor,TRUE,Kudra Owens,nm1245459,,,7,2500
Actor,TRUE,Jack Roberts,nm7668103,,,8,2500
Actor,TRUE,Nikolett Englert,nm17566462,,,9,2500
,,,,,,,
Movie,TRUE,Apollo Jump,tt9212480,Indie,5000000,,25000
Director,TRUE,Matteo Saradini,nm2101007,,,,5000
Actor,TRUE,Sarah J. Bartholomew,nm5790062,,,1,5000
Actor,TRUE,Ezekiel Ajeigbe,nm7052597,,,2,5000
Actor,TRUE,Ottavio Taddei,nm7233424,,,3,5000
Actor,TRUE,Vinny Dreams,nm10292459,,,4,5000
Actor,TRUE,Giulia Sofia Paolucci,nm9112371,,,5,5000
Actor,TRUE,Alessandro Pedrazzi,nm11045934,,,6,2500
